REF_DATE,commodity,VALUE
2015-01-01,0302,50910411
2015-01-01,0303,7813575
2015-01-01,0304,22338246
2015-01-01,0305,4477108
2015-01-01,2709,6705658347
2015-01-01,2711,1595685771
2015-01-01,3104,332445693
2015-01-01,7207,7038116
2015-01-01,7208,85763899
2015-01-01,7209,25912569
2015-01-01,7210,86625163
2015-01-01,7211,14109660
2015-01-01,7212,3583668
2015-01-01,7213,23488803
2015-01-01,7214,18502403
2015-01-01,7215,9734356
2015-01-01,7216,13044016
2015-01-01,7217,16954606
2015-01-01,7218,4473743
2015-01-01,7224,6809306
2015-01-01,7225,46425563
2015-01-01,7226,4304889
2015-01-01,7227,13068195
2015-01-01,7228,25620944
2015-01-01,7304,28670319
2015-01-01,7305,70492542
2015-01-01,7306,79149193
2015-01-01,7601,530410352
2015-01-01,7604,33877843
2015-01-01,7605,46558489
2015-01-01,7606,54363612
2015-01-01,7607,13577675
2015-01-01,940161,16873671
2015-01-01,440311,0
2015-01-01,440711,0
2015-01-01,440719,0
2015-01-01,440713,0
2015-01-01,440714,0
2015-02-01,0302,51978911
2015-02-01,0303,5636340
2015-02-01,0304,20249990
2015-02-01,0305,4032804
2015-02-01,2709,5064717286
2015-02-01,2711,1702563480
2015-02-01,3104,321790439
2015-02-01,7207,5623871
2015-02-01,7208,62936875
2015-02-01,7209,28115535
2015-02-01,7210,86180896
2015-02-01,7211,14720786
2015-02-01,7212,3384701
2015-02-01,7213,29355398
2015-02-01,7214,16550292
2015-02-01,7215,12114225
2015-02-01,7216,12739883
2015-02-01,7217,20441097
2015-02-01,7218,4307102
2015-02-01,7224,4784720
2015-02-01,7225,44683514
2015-02-01,7226,4138836
2015-02-01,7227,15033501
2015-02-01,7228,23876069
2015-02-01,7304,26181273
2015-02-01,7305,57382909
2015-02-01,7306,80685031
2015-02-01,7601,483953189
2015-02-01,7604,37933121
2015-02-01,7605,39321246
2015-02-01,7606,51571194
2015-02-01,7607,10449458
2015-02-01,940161,17435390
2015-02-01,440311,0
2015-02-01,440711,0
2015-02-01,440719,0
2015-02-01,440713,0
2015-02-01,440714,0
2015-03-01,0302,71876325
2015-03-01,0303,4336406
2015-03-01,0304,22725637
2015-03-01,0305,5234582
2015-03-01,2709,5024857309
2015-03-01,2711,1246230003
2015-03-01,3104,426910893
2015-03-01,7207,10378647
2015-03-01,7208,75062068
2015-03-01,7209,25761310
2015-03-01,7210,100076139
2015-03-01,7211,9501606
2015-03-01,7212,3640418
2015-03-01,7213,24473223
2015-03-01,7214,18516207
2015-03-01,7215,14350553
2015-03-01,7216,16622965
2015-03-01,7217,23582183
2015-03-01,7218,3035812
2015-03-01,7224,4533111
2015-03-01,7225,52718564
2015-03-01,7226,5566077
2015-03-01,7227,16619056
2015-03-01,7228,31157451
2015-03-01,7304,26461525
2015-03-01,7305,81409738
2015-03-01,7306,98254370
2015-03-01,7601,544394970
2015-03-01,7604,43894073
2015-03-01,7605,53774504
2015-03-01,7606,60054623
2015-03-01,7607,12283730
2015-03-01,940161,21280167
2015-03-01,440311,0
2015-03-01,440711,0
2015-03-01,440719,0
2015-03-01,440713,0
2015-03-01,440714,0
2015-04-01,0302,74210003
2015-04-01,0303,4603163
2015-04-01,0304,22901623
2015-04-01,0305,5183075
2015-04-01,2709,5260168213
2015-04-01,2711,795152689
2015-04-01,3104,382075732
2015-04-01,7207,13771790
2015-04-01,7208,65007434
2015-04-01,7209,26683808
2015-04-01,7210,92183990
2015-04-01,7211,9836314
2015-04-01,7212,3151923
2015-04-01,7213,23635857
2015-04-01,7214,18121978
2015-04-01,7215,11962993
2015-04-01,7216,17690045
2015-04-01,7217,19872218
2015-04-01,7218,522359
2015-04-01,7224,2527146
2015-04-01,7225,49813600
2015-04-01,7226,4999266
2015-04-01,7227,15108799
2015-04-01,7228,26093301
2015-04-01,7304,9514995
2015-04-01,7305,60726128
2015-04-01,7306,85564583
2015-04-01,7601,529576230
2015-04-01,7604,39632820
2015-04-01,7605,40987094
2015-04-01,7606,51295408
2015-04-01,7607,10657828
2015-04-01,940161,20295906
2015-04-01,440311,0
2015-04-01,440711,0
2015-04-01,440719,0
2015-04-01,440713,0
2015-04-01,440714,0
2015-05-01,0302,72010151
2015-05-01,0303,3981555
2015-05-01,0304,23395875
2015-05-01,0305,3724068
2015-05-01,2709,4696335126
2015-05-01,2711,767868481
2015-05-01,3104,308648351
2015-05-01,7207,12133554
2015-05-01,7208,69672350
2015-05-01,7209,19829998
2015-05-01,7210,87538232
2015-05-01,7211,8927019
2015-05-01,7212,2862874
2015-05-01,7213,22296323
2015-05-01,7214,15519201
2015-05-01,7215,10162367
2015-05-01,7216,14736643
2015-05-01,7217,19097540
2015-05-01,7218,1680592
2015-05-01,7224,1789132
2015-05-01,7225,35423241
2015-05-01,7226,4078806
2015-05-01,7227,12738314
2015-05-01,7228,23720661
2015-05-01,7304,12108988
2015-05-01,7305,44851285
2015-05-01,7306,80965096
2015-05-01,7601,530506976
2015-05-01,7604,39406860
2015-05-01,7605,36980282
2015-05-01,7606,52951603
2015-05-01,7607,10061380
2015-05-01,940161,19517200
2015-05-01,440311,0
2015-05-01,440711,0
2015-05-01,440719,0
2015-05-01,440713,0
2015-05-01,440714,0
2015-06-01,0302,95253457
2015-06-01,0303,4872108
2015-06-01,0304,33136388
2015-06-01,0305,5476698
2015-06-01,2709,5397140031
2015-06-01,2711,751875580
2015-06-01,3104,253704010
2015-06-01,7207,10244345
2015-06-01,7208,77703366
2015-06-01,7209,24961232
2015-06-01,7210,93807545
2015-06-01,7211,12146108
2015-06-01,7212,4129119
2015-06-01,7213,29909709
2015-06-01,7214,18653499
2015-06-01,7215,15696390
2015-06-01,7216,21867938
2015-06-01,7217,26673198
2015-06-01,7218,1723296
2015-06-01,7224,1984186
2015-06-01,7225,46344239
2015-06-01,7226,4269454
2015-06-01,7227,11975388
2015-06-01,7228,21465881
2015-06-01,7304,11971054
2015-06-01,7305,44971926
2015-06-01,7306,88118006
2015-06-01,7601,527012363
2015-06-01,7604,41298920
2015-06-01,7605,42879267
2015-06-01,7606,58806882
2015-06-01,7607,11130868
2015-06-01,940161,21219791
2015-06-01,440311,0
2015-06-01,440711,0
2015-06-01,440719,0
2015-06-01,440713,0
2015-06-01,440714,0
2015-07-01,0302,77863558
2015-07-01,0303,8663252
2015-07-01,0304,30929506
2015-07-01,0305,4555836
2015-07-01,2709,6283787795
2015-07-01,2711,795964274
2015-07-01,3104,186252632
2015-07-01,7207,11263325
2015-07-01,7208,80681737
2015-07-01,7209,22039799
2015-07-01,7210,83245027
2015-07-01,7211,11950122
2015-07-01,7212,4423555
2015-07-01,7213,24831885
2015-07-01,7214,14427862
2015-07-01,7215,10055022
2015-07-01,7216,16706830
2015-07-01,7217,19045727
2015-07-01,7218,963748
2015-07-01,7224,3154203
2015-07-01,7225,46808826
2015-07-01,7226,5323103
2015-07-01,7227,13173154
2015-07-01,7228,19179904
2015-07-01,7304,8327402
2015-07-01,7305,37547700
2015-07-01,7306,82969283
2015-07-01,7601,533418906
2015-07-01,7604,38974344
2015-07-01,7605,37586534
2015-07-01,7606,49722780
2015-07-01,7607,13107118
2015-07-01,940161,22101383
2015-07-01,440311,0
2015-07-01,440711,0
2015-07-01,440719,0
2015-07-01,440713,0
2015-07-01,440714,0
2015-08-01,0302,86718416
2015-08-01,0303,7286702
2015-08-01,0304,29710589
2015-08-01,0305,4999190
2015-08-01,2709,6088877272
2015-08-01,2711,825790231
2015-08-01,3104,223920288
2015-08-01,7207,9583997
2015-08-01,7208,81512028
2015-08-01,7209,23208417
2015-08-01,7210,89176785
2015-08-01,7211,13148311
2015-08-01,7212,3991501
2015-08-01,7213,25519537
2015-08-01,7214,14347844
2015-08-01,7215,11169995
2015-08-01,7216,18815387
2015-08-01,7217,20614955
2015-08-01,7218,2103999
2015-08-01,7224,4284673
2015-08-01,7225,50286559
2015-08-01,7226,7948298
2015-08-01,7227,12993441
2015-08-01,7228,23813125
2015-08-01,7304,8597114
2015-08-01,7305,36815455
2015-08-01,7306,85499549
2015-08-01,7601,452009005
2015-08-01,7604,38048800
2015-08-01,7605,41256780
2015-08-01,7606,58597311
2015-08-01,7607,10251083
2015-08-01,940161,22312573
2015-08-01,440311,0
2015-08-01,440711,0
2015-08-01,440719,0
2015-08-01,440713,0
2015-08-01,440714,0
2015-09-01,0302,69176195
2015-09-01,0303,8045757
2015-09-01,0304,27702845
2015-09-01,0305,4896638
2015-09-01,2709,5561351215
2015-09-01,2711,834874259
2015-09-01,3104,311324411
2015-09-01,7207,7148896
2015-09-01,7208,78572804
2015-09-01,7209,24100432
2015-09-01,7210,87888274
2015-09-01,7211,14929118
2015-09-01,7212,3370636
2015-09-01,7213,27650916
2015-09-01,7214,14789720
2015-09-01,7215,11471133
2015-09-01,7216,15622731
2015-09-01,7217,21477676
2015-09-01,7218,1544193
2015-09-01,7224,4812029
2015-09-01,7225,45606078
2015-09-01,7226,6861790
2015-09-01,7227,12123724
2015-09-01,7228,19884462
2015-09-01,7304,21655540
2015-09-01,7305,19420557
2015-09-01,7306,92837567
2015-09-01,7601,445534159
2015-09-01,7604,41518661
2015-09-01,7605,40731696
2015-09-01,7606,58450431
2015-09-01,7607,12582232
2015-09-01,940161,23313481
2015-09-01,440311,0
2015-09-01,440711,0
2015-09-01,440719,0
2015-09-01,440713,0
2015-09-01,440714,0
2015-10-01,0302,60747593
2015-10-01,0303,5570973
2015-10-01,0304,28418036
2015-10-01,0305,5434160
2015-10-01,2709,4242591687
2015-10-01,2711,821120836
2015-10-01,3104,327081873
2015-10-01,7207,6283928
2015-10-01,7208,60706435
2015-10-01,7209,22308613
2015-10-01,7210,78829106
2015-10-01,7211,16827617
2015-10-01,7212,4257767
2015-10-01,7213,26303568
2015-10-01,7214,13561660
2015-10-01,7215,9623994
2015-10-01,7216,16948286
2015-10-01,7217,20347777
2015-10-01,7218,1279135
2015-10-01,7224,3989799
2015-10-01,7225,46561675
2015-10-01,7226,6254097
2015-10-01,7227,17086464
2015-10-01,7228,14551022
2015-10-01,7304,25595118
2015-10-01,7305,23549039
2015-10-01,7306,93701170
2015-10-01,7601,465777663
2015-10-01,7604,41574770
2015-10-01,7605,42775738
2015-10-01,7606,57573909
2015-10-01,7607,11522915
2015-10-01,940161,24423172
2015-10-01,440311,0
2015-10-01,440711,0
2015-10-01,440719,0
2015-10-01,440713,0
2015-10-01,440714,0
2015-11-01,0302,52198629
2015-11-01,0303,6565419
2015-11-01,0304,23219114
2015-11-01,0305,6939953
2015-11-01,2709,4221605950
2015-11-01,2711,784364955
2015-11-01,3104,264059103
2015-11-01,7207,4479599
2015-11-01,7208,57861190
2015-11-01,7209,20211218
2015-11-01,7210,82742853
2015-11-01,7211,14285049
2015-11-01,7212,3291597
2015-11-01,7213,25679230
2015-11-01,7214,15494898
2015-11-01,7215,9897472
2015-11-01,7216,16979035
2015-11-01,7217,19185012
2015-11-01,7218,1012554
2015-11-01,7224,5606075
2015-11-01,7225,45233676
2015-11-01,7226,5583676
2015-11-01,7227,11615157
2015-11-01,7228,18246232
2015-11-01,7304,9356516
2015-11-01,7305,20235318
2015-11-01,7306,81697891
2015-11-01,7601,454302127
2015-11-01,7604,41396816
2015-11-01,7605,38998846
2015-11-01,7606,57473875
2015-11-01,7607,12286938
2015-11-01,940161,24160975
2015-11-01,440311,0
2015-11-01,440711,0
2015-11-01,440719,0
2015-11-01,440713,0
2015-11-01,440714,0
2015-12-01,0302,57881970
2015-12-01,0303,5929109
2015-12-01,0304,22920523
2015-12-01,0305,5921232
2015-12-01,2709,4952303410
2015-12-01,2711,835932553
2015-12-01,3104,267163071
2015-12-01,7207,5478961
2015-12-01,7208,60237802
2015-12-01,7209,19286834
2015-12-01,7210,74970317
2015-12-01,7211,11600091
2015-12-01,7212,2729124
2015-12-01,7213,20826297
2015-12-01,7214,15255628
2015-12-01,7215,8481101
2015-12-01,7216,15483213
2015-12-01,7217,16773736
2015-12-01,7218,1556193
2015-12-01,7224,9615965
2015-12-01,7225,48513579
2015-12-01,7226,4854815
2015-12-01,7227,9111358
2015-12-01,7228,20870537
2015-12-01,7304,9826234
2015-12-01,7305,38433852
2015-12-01,7306,64823567
2015-12-01,7601,442780866
2015-12-01,7604,30825504
2015-12-01,7605,40664070
2015-12-01,7606,44416213
2015-12-01,7607,12937184
2015-12-01,940161,21225062
2015-12-01,440311,0
2015-12-01,440711,0
2015-12-01,440719,0
2015-12-01,440713,0
2015-12-01,440714,0
2016-01-01,0302,65695088
2016-01-01,0303,6943612
2016-01-01,0304,28775951
2016-01-01,0305,5929774
2016-01-01,2709,4503736512
2016-01-01,2711,1139473541
2016-01-01,3104,273601458
2016-01-01,7207,6972809
2016-01-01,7208,81942306
2016-01-01,7209,23377638
2016-01-01,7210,89995810
2016-01-01,7211,16667928
2016-01-01,7212,4075972
2016-01-01,7213,21525804
2016-01-01,7214,14990867
2016-01-01,7215,11839875
2016-01-01,7216,14449957
2016-01-01,7217,20227521
2016-01-01,7218,1019205
2016-01-01,7224,12965438
2016-01-01,7225,46407807
2016-01-01,7226,7744169
2016-01-01,7227,11918491
2016-01-01,7228,18000019
2016-01-01,7304,7792561
2016-01-01,7305,33202594
2016-01-01,7306,81541661
2016-01-01,7601,555519876
2016-01-01,7604,36544335
2016-01-01,7605,47679426
2016-01-01,7606,61952343
2016-01-01,7607,14211131
2016-01-01,940161,28616478
2016-01-01,440311,0
2016-01-01,440711,0
2016-01-01,440719,0
2016-01-01,440713,0
2016-01-01,440714,0
2016-02-01,0302,58793349
2016-02-01,0303,4700661
2016-02-01,0304,27710641
2016-02-01,0305,5473963
2016-02-01,2709,3654204324
2016-02-01,2711,857506953
2016-02-01,3104,267362776
2016-02-01,7207,7179693
2016-02-01,7208,70017062
2016-02-01,7209,21465802
2016-02-01,7210,86773272
2016-02-01,7211,12219114
2016-02-01,7212,4086079
2016-02-01,7213,22569125
2016-02-01,7214,12786422
2016-02-01,7215,10985150
2016-02-01,7216,13416624
2016-02-01,7217,20101541
2016-02-01,7218,457098
2016-02-01,7224,8827249
2016-02-01,7225,45900576
2016-02-01,7226,4910758
2016-02-01,7227,13929590
2016-02-01,7228,18161026
2016-02-01,7304,6845837
2016-02-01,7305,3611297
2016-02-01,7306,78099691
2016-02-01,7601,414325398
2016-02-01,7604,35563032
2016-02-01,7605,44358123
2016-02-01,7606,55287503
2016-02-01,7607,14284089
2016-02-01,940161,23052013
2016-02-01,440311,0
2016-02-01,440711,0
2016-02-01,440719,0
2016-02-01,440713,0
2016-02-01,440714,0
2016-03-01,0302,75517035
2016-03-01,0303,5367903
2016-03-01,0304,26459268
2016-03-01,0305,4916656
2016-03-01,2709,3298183190
2016-03-01,2711,628506184
2016-03-01,3104,291709073
2016-03-01,7207,7487814
2016-03-01,7208,67932443
2016-03-01,7209,21963526
2016-03-01,7210,83135907
2016-03-01,7211,8670733
2016-03-01,7212,4016464
2016-03-01,7213,24679037
2016-03-01,7214,13326928
2016-03-01,7215,11094620
2016-03-01,7216,14163559
2016-03-01,7217,20796309
2016-03-01,7218,690442
2016-03-01,7224,6251115
2016-03-01,7225,38852214
2016-03-01,7226,5370149
2016-03-01,7227,13903289
2016-03-01,7228,19315661
2016-03-01,7304,8773379
2016-03-01,7305,8039382
2016-03-01,7306,79196783
2016-03-01,7601,470852835
2016-03-01,7604,36426497
2016-03-01,7605,47573551
2016-03-01,7606,64742939
2016-03-01,7607,14162731
2016-03-01,940161,23654006
2016-03-01,440311,0
2016-03-01,440711,0
2016-03-01,440719,0
2016-03-01,440713,0
2016-03-01,440714,0
2016-04-01,0302,80438294
2016-04-01,0303,2902055
2016-04-01,0304,31682501
2016-04-01,0305,4372167
2016-04-01,2709,3205445635
2016-04-01,2711,567064595
2016-04-01,3104,233192088
2016-04-01,7207,3715822
2016-04-01,7208,65435874
2016-04-01,7209,23536305
2016-04-01,7210,69632887
2016-04-01,7211,10278812
2016-04-01,7212,3948893
2016-04-01,7213,23875238
2016-04-01,7214,12814744
2016-04-01,7215,10085391
2016-04-01,7216,15026651
2016-04-01,7217,19055784
2016-04-01,7218,1010391
2016-04-01,7224,923308
2016-04-01,7225,34883132
2016-04-01,7226,4453491
2016-04-01,7227,12844298
2016-04-01,7228,16162422
2016-04-01,7304,7536314
2016-04-01,7305,3868938
2016-04-01,7306,76524480
2016-04-01,7601,401445823
2016-04-01,7604,37276203
2016-04-01,7605,44668785
2016-04-01,7606,54308070
2016-04-01,7607,12933098
2016-04-01,940161,21875077
2016-04-01,440311,0
2016-04-01,440711,0
2016-04-01,440719,0
2016-04-01,440713,0
2016-04-01,440714,0
2016-05-01,0302,98678421
2016-05-01,0303,2333614
2016-05-01,0304,37084401
2016-05-01,0305,5048141
2016-05-01,2709,3587323958
2016-05-01,2711,568684770
2016-05-01,3104,186732320
2016-05-01,7207,7128670
2016-05-01,7208,89481629
2016-05-01,7209,25273348
2016-05-01,7210,84600152
2016-05-01,7211,8742118
2016-05-01,7212,4205719
2016-05-01,7213,25059447
2016-05-01,7214,15206742
2016-05-01,7215,11092838
2016-05-01,7216,17825990
2016-05-01,7217,21837876
2016-05-01,7218,1867768
2016-05-01,7224,3622613
2016-05-01,7225,33884860
2016-05-01,7226,5778183
2016-05-01,7227,17328235
2016-05-01,7228,17852858
2016-05-01,7304,7681957
2016-05-01,7305,6695035
2016-05-01,7306,90023048
2016-05-01,7601,463879087
2016-05-01,7604,38016712
2016-05-01,7605,46712048
2016-05-01,7606,58240188
2016-05-01,7607,14576958
2016-05-01,940161,23789297
2016-05-01,440311,0
2016-05-01,440711,0
2016-05-01,440719,0
2016-05-01,440713,0
2016-05-01,440714,0
2016-06-01,0302,100607471
2016-06-01,0303,3959370
2016-06-01,0304,31866055
2016-06-01,0305,4010859
2016-06-01,2709,4380213075
2016-06-01,2711,634974476
2016-06-01,3104,111618762
2016-06-01,7207,6667308
2016-06-01,7208,94502336
2016-06-01,7209,28532708
2016-06-01,7210,90195423
2016-06-01,7211,13369706
2016-06-01,7212,5215170
2016-06-01,7213,23332466
2016-06-01,7214,15317504
2016-06-01,7215,9651391
2016-06-01,7216,16996445
2016-06-01,7217,21052776
2016-06-01,7218,873904
2016-06-01,7224,1658750
2016-06-01,7225,36355098
2016-06-01,7226,4066194
2016-06-01,7227,14574795
2016-06-01,7228,16225085
2016-06-01,7304,7374762
2016-06-01,7305,2978520
2016-06-01,7306,81329070
2016-06-01,7601,444828731
2016-06-01,7604,39803709
2016-06-01,7605,42549334
2016-06-01,7606,51030488
2016-06-01,7607,12084902
2016-06-01,940161,23277796
2016-06-01,440311,0
2016-06-01,440711,0
2016-06-01,440719,0
2016-06-01,440713,0
2016-06-01,440714,0
2016-07-01,0302,110227450
2016-07-01,0303,10338674
2016-07-01,0304,37266650
2016-07-01,0305,4853265
2016-07-01,2709,3893802346
2016-07-01,2711,880949904
2016-07-01,3104,121642896
2016-07-01,7207,6367398
2016-07-01,7208,91376150
2016-07-01,7209,26200007
2016-07-01,7210,95926982
2016-07-01,7211,13582292
2016-07-01,7212,5070998
2016-07-01,7213,19804336
2016-07-01,7214,9937384
2016-07-01,7215,8414087
2016-07-01,7216,16079075
2016-07-01,7217,17660554
2016-07-01,7218,701098
2016-07-01,7224,1663225
2016-07-01,7225,33853358
2016-07-01,7226,4927070
2016-07-01,7227,13705067
2016-07-01,7228,18733142
2016-07-01,7304,5706715
2016-07-01,7305,1991244
2016-07-01,7306,67527504
2016-07-01,7601,495784323
2016-07-01,7604,34534307
2016-07-01,7605,42429821
2016-07-01,7606,53210761
2016-07-01,7607,12934542
2016-07-01,940161,23806515
2016-07-01,440311,0
2016-07-01,440711,0
2016-07-01,440719,0
2016-07-01,440713,0
2016-07-01,440714,0
2016-08-01,0302,99525261
2016-08-01,0303,7884718
2016-08-01,0304,33157403
2016-08-01,0305,4592090
2016-08-01,2709,4757327000
2016-08-01,2711,866155124
2016-08-01,3104,170260380
2016-08-01,7207,3883270
2016-08-01,7208,105023851
2016-08-01,7209,37334187
2016-08-01,7210,103755084
2016-08-01,7211,16772281
2016-08-01,7212,5627131
2016-08-01,7213,24144564
2016-08-01,7214,12717038
2016-08-01,7215,11250763
2016-08-01,7216,13656099
2016-08-01,7217,20520253
2016-08-01,7218,87411
2016-08-01,7224,3290517
2016-08-01,7225,37016852
2016-08-01,7226,5938893
2016-08-01,7227,14214359
2016-08-01,7228,18628856
2016-08-01,7304,4682370
2016-08-01,7305,3156935
2016-08-01,7306,84829120
2016-08-01,7601,458891468
2016-08-01,7604,38216075
2016-08-01,7605,47731377
2016-08-01,7606,55958575
2016-08-01,7607,11229457
2016-08-01,940161,22537685
2016-08-01,440311,0
2016-08-01,440711,0
2016-08-01,440719,0
2016-08-01,440713,0
2016-08-01,440714,0
2016-09-01,0302,96489255
2016-09-01,0303,8809256
2016-09-01,0304,34310064
2016-09-01,0305,5130055
2016-09-01,2709,4680675335
2016-09-01,2711,886586988
2016-09-01,3104,178132954
2016-09-01,7207,5388403
2016-09-01,7208,61788317
2016-09-01,7209,26937745
2016-09-01,7210,97005368
2016-09-01,7211,14089811
2016-09-01,7212,4038865
2016-09-01,7213,25945387
2016-09-01,7214,10531772
2016-09-01,7215,10098983
2016-09-01,7216,15462372
2016-09-01,7217,20371554
2016-09-01,7218,890828
2016-09-01,7224,1925710
2016-09-01,7225,34547612
2016-09-01,7226,4422916
2016-09-01,7227,12716776
2016-09-01,7228,16034816
2016-09-01,7304,7483904
2016-09-01,7305,1730404
2016-09-01,7306,82042093
2016-09-01,7601,431711530
2016-09-01,7604,37057977
2016-09-01,7605,37806632
2016-09-01,7606,51262724
2016-09-01,7607,13210514
2016-09-01,940161,25152984
2016-09-01,440311,0
2016-09-01,440711,0
2016-09-01,440719,0
2016-09-01,440713,0
2016-09-01,440714,0
2016-10-01,0302,96539435
2016-10-01,0303,8108919
2016-10-01,0304,36366356
2016-10-01,0305,7121618
2016-10-01,2709,4686301555
2016-10-01,2711,918322138
2016-10-01,3104,168322133
2016-10-01,7207,6195837
2016-10-01,7208,87679938
2016-10-01,7209,28641733
2016-10-01,7210,96882437
2016-10-01,7211,12622940
2016-10-01,7212,5857537
2016-10-01,7213,22229213
2016-10-01,7214,11309708
2016-10-01,7215,10719035
2016-10-01,7216,15611581
2016-10-01,7217,21813308
2016-10-01,7218,295221
2016-10-01,7224,2883353
2016-10-01,7225,31540831
2016-10-01,7226,5634311
2016-10-01,7227,12414356
2016-10-01,7228,19066750
2016-10-01,7304,6736457
2016-10-01,7305,2997846
2016-10-01,7306,90304036
2016-10-01,7601,482772540
2016-10-01,7604,41315671
2016-10-01,7605,45728030
2016-10-01,7606,59995198
2016-10-01,7607,11934123
2016-10-01,940161,28871634
2016-10-01,440311,0
2016-10-01,440711,0
2016-10-01,440719,0
2016-10-01,440713,0
2016-10-01,440714,0
2016-11-01,0302,74394965
2016-11-01,0303,7623300
2016-11-01,0304,30892494
2016-11-01,0305,7692903
2016-11-01,2709,5537354885
2016-11-01,2711,927967586
2016-11-01,3104,220294609
2016-11-01,7207,4687131
2016-11-01,7208,88044995
2016-11-01,7209,28473645
2016-11-01,7210,91244098
2016-11-01,7211,13885223
2016-11-01,7212,4753738
2016-11-01,7213,22120490
2016-11-01,7214,10765563
2016-11-01,7215,10255212
2016-11-01,7216,14417862
2016-11-01,7217,20735153
2016-11-01,7218,1294390
2016-11-01,7224,1909138
2016-11-01,7225,35034118
2016-11-01,7226,6654527
2016-11-01,7227,15992496
2016-11-01,7228,17386472
2016-11-01,7304,7521531
2016-11-01,7305,13559379
2016-11-01,7306,96710624
2016-11-01,7601,529938409
2016-11-01,7604,39157476
2016-11-01,7605,46754570
2016-11-01,7606,55110822
2016-11-01,7607,13186506
2016-11-01,940161,29069359
2016-11-01,440311,0
2016-11-01,440711,0
2016-11-01,440719,0
2016-11-01,440713,0
2016-11-01,440714,0
2016-12-01,0302,75137981
2016-12-01,0303,8579248
2016-12-01,0304,30543199
2016-12-01,0305,5838409
2016-12-01,2709,5288793830
2016-12-01,2711,1419168473
2016-12-01,3104,225968552
2016-12-01,7207,4204974
2016-12-01,7208,79154488
2016-12-01,7209,22764816
2016-12-01,7210,77861890
2016-12-01,7211,11545846
2016-12-01,7212,3589874
2016-12-01,7213,17013286
2016-12-01,7214,10363413
2016-12-01,7215,7769595
2016-12-01,7216,14626749
2016-12-01,7217,16464869
2016-12-01,7218,796453
2016-12-01,7224,3656026
2016-12-01,7225,31331563
2016-12-01,7226,5151182
2016-12-01,7227,15057387
2016-12-01,7228,17358522
2016-12-01,7304,7147633
2016-12-01,7305,14276567
2016-12-01,7306,77616595
2016-12-01,7601,511792457
2016-12-01,7604,31220307
2016-12-01,7605,41545500
2016-12-01,7606,44371330
2016-12-01,7607,10458795
2016-12-01,940161,26126386
2016-12-01,440311,0
2016-12-01,440711,0
2016-12-01,440719,0
2016-12-01,440713,0
2016-12-01,440714,0
2017-01-01,0302,76351906
2017-01-01,0303,6152566
2017-01-01,0304,35008519
2017-01-01,0305,4669683
2017-01-01,2709,5840700669
2017-01-01,2711,1557742810
2017-01-01,3104,247094120
2017-01-01,7207,8742589
2017-01-01,7208,113752768
2017-01-01,7209,28507588
2017-01-01,7210,96231195
2017-01-01,7211,15976852
2017-01-01,7212,5463677
2017-01-01,7213,19690846
2017-01-01,7214,14002960
2017-01-01,7215,12024249
2017-01-01,7216,15583440
2017-01-01,7217,21746586
2017-01-01,7218,1006917
2017-01-01,7224,3865656
2017-01-01,7225,44540212
2017-01-01,7226,9406972
2017-01-01,7227,14616862
2017-01-01,7228,19696464
2017-01-01,7304,7245116
2017-01-01,7305,3972221
2017-01-01,7306,93377022
2017-01-01,7601,573655961
2017-01-01,7604,45057157
2017-01-01,7605,53462531
2017-01-01,7606,53088697
2017-01-01,7607,12075019
2017-01-01,940161,24247672
2017-01-01,440311,0
2017-01-01,440711,0
2017-01-01,440719,0
2017-01-01,440713,0
2017-01-01,440714,0
2017-02-01,0302,59191854
2017-02-01,0303,5549717
2017-02-01,0304,31660585
2017-02-01,0305,4297443
2017-02-01,2709,5751271989
2017-02-01,2711,1215621166
2017-02-01,3104,245566654
2017-02-01,7207,8145922
2017-02-01,7208,84752976
2017-02-01,7209,27926421
2017-02-01,7210,92968853
2017-02-01,7211,18740325
2017-02-01,7212,4639573
2017-02-01,7213,22290248
2017-02-01,7214,20159887
2017-02-01,7215,11287051
2017-02-01,7216,14959295
2017-02-01,7217,20431683
2017-02-01,7218,1876202
2017-02-01,7224,4675002
2017-02-01,7225,40508391
2017-02-01,7226,7879051
2017-02-01,7227,17981845
2017-02-01,7228,16622427
2017-02-01,7304,13127286
2017-02-01,7305,8537192
2017-02-01,7306,91578254
2017-02-01,7601,528208959
2017-02-01,7604,39080556
2017-02-01,7605,49944015
2017-02-01,7606,53233776
2017-02-01,7607,12527574
2017-02-01,940161,23582208
2017-02-01,440311,0
2017-02-01,440711,0
2017-02-01,440719,0
2017-02-01,440713,0
2017-02-01,440714,0
2017-03-01,0302,80143053
2017-03-01,0303,7598677
2017-03-01,0304,42047390
2017-03-01,0305,6598619
2017-03-01,2709,6318115791
2017-03-01,2711,1212868099
2017-03-01,3104,228348183
2017-03-01,7207,15449442
2017-03-01,7208,108023984
2017-03-01,7209,32379683
2017-03-01,7210,97260780
2017-03-01,7211,23179435
2017-03-01,7212,5675734
2017-03-01,7213,31746473
2017-03-01,7214,17746980
2017-03-01,7215,13100687
2017-03-01,7216,15935208
2017-03-01,7217,22958002
2017-03-01,7218,3577026
2017-03-01,7224,4710844
2017-03-01,7225,46792310
2017-03-01,7226,8921591
2017-03-01,7227,22707579
2017-03-01,7228,20546742
2017-03-01,7304,18183101
2017-03-01,7305,21746197
2017-03-01,7306,115620854
2017-03-01,7601,665386731
2017-03-01,7604,44283018
2017-03-01,7605,54746870
2017-03-01,7606,59227648
2017-03-01,7607,12981322
2017-03-01,940161,25177269
2017-03-01,440311,0
2017-03-01,440711,0
2017-03-01,440719,0
2017-03-01,440713,0
2017-03-01,440714,0
2017-04-01,0302,78219307
2017-04-01,0303,4021317
2017-04-01,0304,34080029
2017-04-01,0305,5961490
2017-04-01,2709,5538575275
2017-04-01,2711,1029514783
2017-04-01,3104,272466061
2017-04-01,7207,9870142
2017-04-01,7208,108180670
2017-04-01,7209,29026342
2017-04-01,7210,90211620
2017-04-01,7211,17719042
2017-04-01,7212,4625406
2017-04-01,7213,27278263
2017-04-01,7214,13536951
2017-04-01,7215,11584661
2017-04-01,7216,18056810
2017-04-01,7217,22899285
2017-04-01,7218,4884304
2017-04-01,7224,7372782
2017-04-01,7225,45101750
2017-04-01,7226,8793812
2017-04-01,7227,24928353
2017-04-01,7228,23138092
2017-04-01,7304,27050799
2017-04-01,7305,9072285
2017-04-01,7306,105780389
2017-04-01,7601,731268831
2017-04-01,7604,41883030
2017-04-01,7605,52059417
2017-04-01,7606,56571995
2017-04-01,7607,13527057
2017-04-01,940161,25486988
2017-04-01,440311,0
2017-04-01,440711,0
2017-04-01,440719,0
2017-04-01,440713,0
2017-04-01,440714,0
2017-05-01,0302,93912443
2017-05-01,0303,5062451
2017-05-01,0304,30782089
2017-05-01,0305,4820150
2017-05-01,2709,6256546034
2017-05-01,2711,1072857350
2017-05-01,3104,297322027
2017-05-01,7207,6615080
2017-05-01,7208,124418689
2017-05-01,7209,29164017
2017-05-01,7210,105103201
2017-05-01,7211,25113481
2017-05-01,7212,4798686
2017-05-01,7213,28859563
2017-05-01,7214,16101582
2017-05-01,7215,13855972
2017-05-01,7216,21678938
2017-05-01,7217,22580089
2017-05-01,7218,5594795
2017-05-01,7224,9557526
2017-05-01,7225,48032833
2017-05-01,7226,11552774
2017-05-01,7227,24677488
2017-05-01,7228,21937222
2017-05-01,7304,19235979
2017-05-01,7305,31714966
2017-05-01,7306,117461415
2017-05-01,7601,602882797
2017-05-01,7604,51392059
2017-05-01,7605,58355195
2017-05-01,7606,69934897
2017-05-01,7607,13471645
2017-05-01,940161,26423633
2017-05-01,440311,0
2017-05-01,440711,0
2017-05-01,440719,0
2017-05-01,440713,0
2017-05-01,440714,0
2017-06-01,0302,95391676
2017-06-01,0303,3369822
2017-06-01,0304,30505690
2017-06-01,0305,4184527
2017-06-01,2709,5719566596
2017-06-01,2711,965779674
2017-06-01,3104,194426991
2017-06-01,7207,8342788
2017-06-01,7208,100203465
2017-06-01,7209,33483450
2017-06-01,7210,92463003
2017-06-01,7211,19926640
2017-06-01,7212,5377325
2017-06-01,7213,27990847
2017-06-01,7214,15686013
2017-06-01,7215,12922399
2017-06-01,7216,19598321
2017-06-01,7217,20625367
2017-06-01,7218,5195367
2017-06-01,7224,2585746
2017-06-01,7225,48188124
2017-06-01,7226,9916782
2017-06-01,7227,19359757
2017-06-01,7228,21635551
2017-06-01,7304,20334644
2017-06-01,7305,21529993
2017-06-01,7306,109886929
2017-06-01,7601,590871231
2017-06-01,7604,52236814
2017-06-01,7605,51589444
2017-06-01,7606,60218437
2017-06-01,7607,12505208
2017-06-01,940161,24925837
2017-06-01,440311,0
2017-06-01,440711,0
2017-06-01,440719,0
2017-06-01,440713,0
2017-06-01,440714,0
2017-07-01,0302,96669043
2017-07-01,0303,4227759
2017-07-01,0304,31451181
2017-07-01,0305,4760961
2017-07-01,2709,5104926993
2017-07-01,2711,887737076
2017-07-01,3104,196471931
2017-07-01,7207,5408258
2017-07-01,7208,83224970
2017-07-01,7209,27206997
2017-07-01,7210,89622796
2017-07-01,7211,23349161
2017-07-01,7212,3593267
2017-07-01,7213,21290662
2017-07-01,7214,16089443
2017-07-01,7215,9331789
2017-07-01,7216,18042298
2017-07-01,7217,15833572
2017-07-01,7218,4229314
2017-07-01,7224,3861759
2017-07-01,7225,40722562
2017-07-01,7226,9676807
2017-07-01,7227,14850924
2017-07-01,7228,23263612
2017-07-01,7304,20911083
2017-07-01,7305,20342962
2017-07-01,7306,92219709
2017-07-01,7601,613332338
2017-07-01,7604,46370348
2017-07-01,7605,47147042
2017-07-01,7606,54848537
2017-07-01,7607,10319772
2017-07-01,940161,25528251
2017-07-01,440311,0
2017-07-01,440711,0
2017-07-01,440719,0
2017-07-01,440713,0
2017-07-01,440714,0
2017-08-01,0302,89578959
2017-08-01,0303,9738808
2017-08-01,0304,31381356
2017-08-01,0305,4864769
2017-08-01,2709,5644016673
2017-08-01,2711,873033441
2017-08-01,3104,222976514
2017-08-01,7207,7938928
2017-08-01,7208,97674549
2017-08-01,7209,33936629
2017-08-01,7210,94817182
2017-08-01,7211,26010816
2017-08-01,7212,5454143
2017-08-01,7213,25922895
2017-08-01,7214,13810460
2017-08-01,7215,11992018
2017-08-01,7216,19556580
2017-08-01,7217,19349055
2017-08-01,7218,6901612
2017-08-01,7224,2970033
2017-08-01,7225,44836384
2017-08-01,7226,10280200
2017-08-01,7227,17675558
2017-08-01,7228,17568964
2017-08-01,7304,11311823
2017-08-01,7305,30071782
2017-08-01,7306,100625980
2017-08-01,7601,529648362
2017-08-01,7604,44145647
2017-08-01,7605,53061247
2017-08-01,7606,58214930
2017-08-01,7607,12481140
2017-08-01,940161,21811443
2017-08-01,440311,0
2017-08-01,440711,0
2017-08-01,440719,0
2017-08-01,440713,0
2017-08-01,440714,0
2017-09-01,0302,85004638
2017-09-01,0303,7989897
2017-09-01,0304,27926135
2017-09-01,0305,4954383
2017-09-01,2709,5017609408
2017-09-01,2711,826184200
2017-09-01,3104,213933863
2017-09-01,7207,5080183
2017-09-01,7208,88870974
2017-09-01,7209,26127751
2017-09-01,7210,83623762
2017-09-01,7211,21362130
2017-09-01,7212,3871141
2017-09-01,7213,22951200
2017-09-01,7214,15675448
2017-09-01,7215,10041220
2017-09-01,7216,16920468
2017-09-01,7217,18746402
2017-09-01,7218,5352362
2017-09-01,7224,3285848
2017-09-01,7225,41314625
2017-09-01,7226,9333097
2017-09-01,7227,14565453
2017-09-01,7228,21285905
2017-09-01,7304,15912742
2017-09-01,7305,30138292
2017-09-01,7306,99578937
2017-09-01,7601,535205607
2017-09-01,7604,44532724
2017-09-01,7605,42627505
2017-09-01,7606,53584070
2017-09-01,7607,10446015
2017-09-01,940161,24054135
2017-09-01,440311,0
2017-09-01,440711,0
2017-09-01,440719,0
2017-09-01,440713,0
2017-09-01,440714,0
2017-10-01,0302,78926505
2017-10-01,0303,8247829
2017-10-01,0304,31302486
2017-10-01,0305,6673712
2017-10-01,2709,5778807464
2017-10-01,2711,929559038
2017-10-01,3104,242493228
2017-10-01,7207,4829744
2017-10-01,7208,104624065
2017-10-01,7209,32128842
2017-10-01,7210,84391872
2017-10-01,7211,26364961
2017-10-01,7212,4828379
2017-10-01,7213,27564410
2017-10-01,7214,18004926
2017-10-01,7215,12342091
2017-10-01,7216,17703058
2017-10-01,7217,21141066
2017-10-01,7218,7088815
2017-10-01,7224,4850275
2017-10-01,7225,45255038
2017-10-01,7226,7965337
2017-10-01,7227,18030230
2017-10-01,7228,22468812
2017-10-01,7304,23106260
2017-10-01,7305,19873829
2017-10-01,7306,113136536
2017-10-01,7601,626539798
2017-10-01,7604,51070128
2017-10-01,7605,50514756
2017-10-01,7606,59794169
2017-10-01,7607,11756302
2017-10-01,940161,28095182
2017-10-01,440311,0
2017-10-01,440711,0
2017-10-01,440719,0
2017-10-01,440713,0
2017-10-01,440714,0
2017-11-01,0302,68604155
2017-11-01,0303,7424778
2017-11-01,0304,25799161
2017-11-01,0305,7558690
2017-11-01,2709,5802357846
2017-11-01,2711,1066177832
2017-11-01,3104,223949096
2017-11-01,7207,7302793
2017-11-01,7208,94709935
2017-11-01,7209,29490350
2017-11-01,7210,89876937
2017-11-01,7211,27123755
2017-11-01,7212,4564818
2017-11-01,7213,22320185
2017-11-01,7214,15449905
2017-11-01,7215,11891948
2017-11-01,7216,19450722
2017-11-01,7217,19401250
2017-11-01,7218,5822179
2017-11-01,7224,5925960
2017-11-01,7225,53790655
2017-11-01,7226,9647356
2017-11-01,7227,17508539
2017-11-01,7228,26444647
2017-11-01,7304,17813135
2017-11-01,7305,19485197
2017-11-01,7306,108672383
2017-11-01,7601,563389062
2017-11-01,7604,47937361
2017-11-01,7605,48459167
2017-11-01,7606,58337267
2017-11-01,7607,13381457
2017-11-01,940161,26387201
2017-11-01,440311,0
2017-11-01,440711,0
2017-11-01,440719,0
2017-11-01,440713,0
2017-11-01,440714,0
2017-12-01,0302,68501946
2017-12-01,0303,6423188
2017-12-01,0304,27319403
2017-12-01,0305,6558817
2017-12-01,2709,6277836162
2017-12-01,2711,1367168110
2017-12-01,3104,223959022
2017-12-01,7207,11610332
2017-12-01,7208,106539732
2017-12-01,7209,24702073
2017-12-01,7210,74572317
2017-12-01,7211,13710670
2017-12-01,7212,6761313
2017-12-01,7213,20729945
2017-12-01,7214,14490278
2017-12-01,7215,9721775
2017-12-01,7216,16658475
2017-12-01,7217,15764634
2017-12-01,7218,5539810
2017-12-01,7224,4346256
2017-12-01,7225,41544523
2017-12-01,7226,6940831
2017-12-01,7227,11675174
2017-12-01,7228,21374636
2017-12-01,7304,17686034
2017-12-01,7305,23972890
2017-12-01,7306,79781586
2017-12-01,7601,591867983
2017-12-01,7604,40652436
2017-12-01,7605,43789178
2017-12-01,7606,49017647
2017-12-01,7607,11415778
2017-12-01,940161,20242139
2017-12-01,440311,0
2017-12-01,440711,0
2017-12-01,440719,0
2017-12-01,440713,0
2017-12-01,440714,0
2018-01-01,0302,55777642
2018-01-01,0303,5384649
2018-01-01,0304,32853888
2018-01-01,0305,5015938
2018-01-01,2709,7043426070
2018-01-01,2711,1703862314
2018-01-01,3104,229728828
2018-01-01,7207,8080147
2018-01-01,7208,107769962
2018-01-01,7209,30593485
2018-01-01,7210,88835763
2018-01-01,7211,24508725
2018-01-01,7212,5765777
2018-01-01,7213,22967475
2018-01-01,7214,14956485
2018-01-01,7215,12612580
2018-01-01,7216,20069687
2018-01-01,7217,20961274
2018-01-01,7218,6525389
2018-01-01,7224,2624386
2018-01-01,7225,55702418
2018-01-01,7226,10073705
2018-01-01,7227,15665924
2018-01-01,7228,21148914
2018-01-01,7304,16479168
2018-01-01,7305,25003848
2018-01-01,7306,98785759
2018-01-01,7601,505888316
2018-01-01,7604,51521915
2018-01-01,7605,50514278
2018-01-01,7606,72379278
2018-01-01,7607,13437932
2018-01-01,940161,23595680
2018-01-01,440311,4975590
2018-01-01,440711,1195714
2018-01-01,440719,508412259
2018-01-01,440713,0
2018-01-01,440714,0
2018-02-01,0302,65786948
2018-02-01,0303,4580679
2018-02-01,0304,30100504
2018-02-01,0305,4978089
2018-02-01,2709,5689683294
2018-02-01,2711,1113144876
2018-02-01,3104,225795991
2018-02-01,7207,5563418
2018-02-01,7208,95431195
2018-02-01,7209,31042382
2018-02-01,7210,89390245
2018-02-01,7211,24312571
2018-02-01,7212,4712123
2018-02-01,7213,23755013
2018-02-01,7214,12319174
2018-02-01,7215,11403497
2018-02-01,7216,18316367
2018-02-01,7217,20827838
2018-02-01,7218,5823871
2018-02-01,7224,3602207
2018-02-01,7225,46937555
2018-02-01,7226,10577638
2018-02-01,7227,19013131
2018-02-01,7228,25035283
2018-02-01,7304,16359429
2018-02-01,7305,32139200
2018-02-01,7306,101093126
2018-02-01,7601,527754195
2018-02-01,7604,50477164
2018-02-01,7605,50221186
2018-02-01,7606,62713950
2018-02-01,7607,16393667
2018-02-01,940161,22814858
2018-02-01,440311,5142506
2018-02-01,440711,1208315
2018-02-01,440719,489710053
2018-02-01,440713,0
2018-02-01,440714,0
2018-03-01,0302,81162948
2018-03-01,0303,4467004
2018-03-01,0304,31848753
2018-03-01,0305,6209285
2018-03-01,2709,6246912602
2018-03-01,2711,1040167247
2018-03-01,3104,259955162
2018-03-01,7207,4591183
2018-03-01,7208,144199424
2018-03-01,7209,37337960
2018-03-01,7210,110412339
2018-03-01,7211,29742961
2018-03-01,7212,7441909
2018-03-01,7213,26907920
2018-03-01,7214,12529411
2018-03-01,7215,12522556
2018-03-01,7216,21659205
2018-03-01,7217,23592467
2018-03-01,7218,6412231
2018-03-01,7224,3689551
2018-03-01,7225,75450020
2018-03-01,7226,12207354
2018-03-01,7227,20534209
2018-03-01,7228,25889705
2018-03-01,7304,42645106
2018-03-01,7305,35270995
2018-03-01,7306,125997352
2018-03-01,7601,595046695
2018-03-01,7604,53609088
2018-03-01,7605,58645012
2018-03-01,7606,68414357
2018-03-01,7607,13497817
2018-03-01,940161,24427346
2018-03-01,440311,4936176
2018-03-01,440711,1902711
2018-03-01,440719,653006048
2018-03-01,440713,0
2018-03-01,440714,0
2018-04-01,0302,84072390
2018-04-01,0303,2773985
2018-04-01,0304,35766996
2018-04-01,0305,5493758
2018-04-01,2709,6400255026
2018-04-01,2711,875116750
2018-04-01,3104,275016631
2018-04-01,7207,4678094
2018-04-01,7208,174907254
2018-04-01,7209,43272776
2018-04-01,7210,114974040
2018-04-01,7211,28254789
2018-04-01,7212,7430225
2018-04-01,7213,27783854
2018-04-01,7214,14366176
2018-04-01,7215,13253760
2018-04-01,7216,23337598
2018-04-01,7217,25035375
2018-04-01,7218,5688262
2018-04-01,7224,5990368
2018-04-01,7225,66531110
2018-04-01,7226,7019540
2018-04-01,7227,25870652
2018-04-01,7228,23562300
2018-04-01,7304,32661748
2018-04-01,7305,33980431
2018-04-01,7306,141048167
2018-04-01,7601,660898890
2018-04-01,7604,48506465
2018-04-01,7605,56964979
2018-04-01,7606,70116696
2018-04-01,7607,12362507
2018-04-01,940161,24035033
2018-04-01,440311,6971141
2018-04-01,440711,2330265
2018-04-01,440719,687625806
2018-04-01,440713,0
2018-04-01,440714,0
2018-05-01,0302,101834855
2018-05-01,0303,3544783
2018-05-01,0304,36060664
2018-05-01,0305,4685214
2018-05-01,2709,7662858730
2018-05-01,2711,691975687
2018-05-01,3104,246167471
2018-05-01,7207,14408341
2018-05-01,7208,199920426
2018-05-01,7209,44881294
2018-05-01,7210,118347933
2018-05-01,7211,25991442
2018-05-01,7212,5983116
2018-05-01,7213,38121216
2018-05-01,7214,17755182
2018-05-01,7215,13011991
2018-05-01,7216,21203321
2018-05-01,7217,25820811
2018-05-01,7218,1159944
2018-05-01,7224,7013730
2018-05-01,7225,66333739
2018-05-01,7226,9542001
2018-05-01,7227,24707750
2018-05-01,7228,26945572
2018-05-01,7304,37209183
2018-05-01,7305,13064202
2018-05-01,7306,133117906
2018-05-01,7601,707342195
2018-05-01,7604,51041774
2018-05-01,7605,71134457
2018-05-01,7606,65801915
2018-05-01,7607,14148345
2018-05-01,940161,24569139
2018-05-01,440311,5145016
2018-05-01,440711,1933105
2018-05-01,440719,797687656
2018-05-01,440713,0
2018-05-01,440714,0
2018-06-01,0302,92132984
2018-06-01,0303,3738441
2018-06-01,0304,35360042
2018-06-01,0305,4542668
2018-06-01,2709,7836523940
2018-06-01,2711,717645460
2018-06-01,3104,233583021
2018-06-01,7207,2216492
2018-06-01,7208,73350948
2018-06-01,7209,38381020
2018-06-01,7210,98278209
2018-06-01,7211,17282154
2018-06-01,7212,3580589
2018-06-01,7213,24872944
2018-06-01,7214,9952737
2018-06-01,7215,8721365
2018-06-01,7216,9445682
2018-06-01,7217,15473209
2018-06-01,7218,222819
2018-06-01,7224,1607430
2018-06-01,7225,50714462
2018-06-01,7226,5113199
2018-06-01,7227,19315713
2018-06-01,7228,15858503
2018-06-01,7304,19154924
2018-06-01,7305,24479768
2018-06-01,7306,78660919
2018-06-01,7601,681587361
2018-06-01,7604,46327725
2018-06-01,7605,57235722
2018-06-01,7606,58493746
2018-06-01,7607,6951521
2018-06-01,940161,25138437
2018-06-01,440311,5195553
2018-06-01,440711,2174835
2018-06-01,440719,827834206
2018-06-01,440713,0
2018-06-01,440714,0
2018-07-01,0302,98302362
2018-07-01,0303,7837621
2018-07-01,0304,36963615
2018-07-01,0305,5363427
2018-07-01,2709,8004164761
2018-07-01,2711,882889609
2018-07-01,3104,270854622
2018-07-01,7207,915981
2018-07-01,7208,101998869
2018-07-01,7209,29834488
2018-07-01,7210,108102810
2018-07-01,7211,20428059
2018-07-01,7212,3431110
2018-07-01,7213,20159045
2018-07-01,7214,11704848
2018-07-01,7215,7699988
2018-07-01,7216,8554956
2018-07-01,7217,15934664
2018-07-01,7218,101032
2018-07-01,7224,540619
2018-07-01,7225,57127767
2018-07-01,7226,5212019
2018-07-01,7227,19560566
2018-07-01,7228,21543185
2018-07-01,7304,16739724
2018-07-01,7305,23196354
2018-07-01,7306,73253483
2018-07-01,7601,664853784
2018-07-01,7604,48919301
2018-07-01,7605,50327734
2018-07-01,7606,57648306
2018-07-01,7607,8303640
2018-07-01,940161,23838712
2018-07-01,440311,5787218
2018-07-01,440711,2482813
2018-07-01,440719,763360877
2018-07-01,440713,0
2018-07-01,440714,0
2018-08-01,0302,103544020
2018-08-01,0303,8192737
2018-08-01,0304,36733917
2018-08-01,0305,4879414
2018-08-01,2709,8250543609
2018-08-01,2711,909689952
2018-08-01,3104,267999731
2018-08-01,7207,1538768
2018-08-01,7208,132141184
2018-08-01,7209,34134170
2018-08-01,7210,93367912
2018-08-01,7211,15637146
2018-08-01,7212,2959610
2018-08-01,7213,24469033
2018-08-01,7214,9797490
2018-08-01,7215,8177633
2018-08-01,7216,9048742
2018-08-01,7217,16304333
2018-08-01,7218,723268
2018-08-01,7224,1842622
2018-08-01,7225,64004624
2018-08-01,7226,4667463
2018-08-01,7227,21929337
2018-08-01,7228,12187224
2018-08-01,7304,12339162
2018-08-01,7305,61911106
2018-08-01,7306,64862833
2018-08-01,7601,513922762
2018-08-01,7604,46885659
2018-08-01,7605,51779929
2018-08-01,7606,50252863
2018-08-01,7607,8923970
2018-08-01,940161,22992146
2018-08-01,440311,4615638
2018-08-01,440711,4055555
2018-08-01,440719,677891778
2018-08-01,440713,0
2018-08-01,440714,0
2018-09-01,0302,83907789
2018-09-01,0303,6776201
2018-09-01,0304,34859689
2018-09-01,0305,5785927
2018-09-01,2709,6887232747
2018-09-01,2711,816985533
2018-09-01,3104,279238027
2018-09-01,7207,1224768
2018-09-01,7208,106861903
2018-09-01,7209,31745535
2018-09-01,7210,89855937
2018-09-01,7211,13322455
2018-09-01,7212,2785907
2018-09-01,7213,22017477
2018-09-01,7214,8013995
2018-09-01,7215,7524270
2018-09-01,7216,9093947
2018-09-01,7217,16477582
2018-09-01,7218,3224303
2018-09-01,7224,2378923
2018-09-01,7225,49419888
2018-09-01,7226,4913298
2018-09-01,7227,22568191
2018-09-01,7228,11613326
2018-09-01,7304,14402841
2018-09-01,7305,38911294
2018-09-01,7306,57031227
2018-09-01,7601,502776718
2018-09-01,7604,39438417
2018-09-01,7605,53856425
2018-09-01,7606,47016333
2018-09-01,7607,7766038
2018-09-01,940161,25807877
2018-09-01,440311,5076750
2018-09-01,440711,3959719
2018-09-01,440719,626265346
2018-09-01,440713,0
2018-09-01,440714,0
2018-10-01,0302,72510180
2018-10-01,0303,9736017
2018-10-01,0304,32357336
2018-10-01,0305,6836361
2018-10-01,2709,7576283872
2018-10-01,2711,924910248
2018-10-01,3104,264166160
2018-10-01,7207,617682
2018-10-01,7208,114609107
2018-10-01,7209,31801924
2018-10-01,7210,87625098
2018-10-01,7211,19265925
2018-10-01,7212,3223402
2018-10-01,7213,24905722
2018-10-01,7214,7009004
2018-10-01,7215,8271899
2018-10-01,7216,9182574
2018-10-01,7217,17235448
2018-10-01,7218,1558119
2018-10-01,7224,1453295
2018-10-01,7225,50454971
2018-10-01,7226,8048860
2018-10-01,7227,25357122
2018-10-01,7228,9435809
2018-10-01,7304,12331241
2018-10-01,7305,56554515
2018-10-01,7306,79283047
2018-10-01,7601,444292112
2018-10-01,7604,39556667
2018-10-01,7605,50194619
2018-10-01,7606,49479456
2018-10-01,7607,7094837
2018-10-01,940161,29927322
2018-10-01,440311,5421443
2018-10-01,440711,6151572
2018-10-01,440719,511738610
2018-10-01,440713,0
2018-10-01,440714,0
2018-11-01,0302,60197289
2018-11-01,0303,8087746
2018-11-01,0304,24382860
2018-11-01,0305,6622830
2018-11-01,2709,6266808569
2018-11-01,2711,1408813235
2018-11-01,3104,247076917
2018-11-01,7207,775117
2018-11-01,7208,103057736
2018-11-01,7209,28321172
2018-11-01,7210,87600540
2018-11-01,7211,12946239
2018-11-01,7212,2773179
2018-11-01,7213,23808456
2018-11-01,7214,7612881
2018-11-01,7215,7089396
2018-11-01,7216,7618090
2018-11-01,7217,14933291
2018-11-01,7218,2726302
2018-11-01,7224,553561
2018-11-01,7225,52408251
2018-11-01,7226,7007466
2018-11-01,7227,21641034
2018-11-01,7228,13090254
2018-11-01,7304,12031283
2018-11-01,7305,71452967
2018-11-01,7306,57048598
2018-11-01,7601,475093090
2018-11-01,7604,34663778
2018-11-01,7605,51235403
2018-11-01,7606,45011610
2018-11-01,7607,6331205
2018-11-01,940161,24004009
2018-11-01,440311,4931409
2018-11-01,440711,4733714
2018-11-01,440719,414378555
2018-11-01,440713,0
2018-11-01,440714,0
2018-12-01,0302,68592550
2018-12-01,0303,9462069
2018-12-01,0304,26191202
2018-12-01,0305,7088341
2018-12-01,2709,5044233398
2018-12-01,2711,1675599697
2018-12-01,3104,313075635
2018-12-01,7207,1023794
2018-12-01,7208,93034529
2018-12-01,7209,21893059
2018-12-01,7210,76309704
2018-12-01,7211,12475620
2018-12-01,7212,2258672
2018-12-01,7213,18417807
2018-12-01,7214,6998718
2018-12-01,7215,5319798
2018-12-01,7216,8967887
2018-12-01,7217,11530556
2018-12-01,7218,1955322
2018-12-01,7224,2055961
2018-12-01,7225,47604211
2018-12-01,7226,4245891
2018-12-01,7227,22250463
2018-12-01,7228,10452824
2018-12-01,7304,10803786
2018-12-01,7305,85742397
2018-12-01,7306,45123108
2018-12-01,7601,482683087
2018-12-01,7604,26997136
2018-12-01,7605,48609822
2018-12-01,7606,41053384
2018-12-01,7607,6284195
2018-12-01,940161,23243863
2018-12-01,440311,4608761
2018-12-01,440711,3970756
2018-12-01,440719,442578413
2018-12-01,440713,0
2018-12-01,440714,0
2019-01-01,0302,61227537
2019-01-01,0303,6701333
2019-01-01,0304,30164474
2019-01-01,0305,4827807
2019-01-01,2709,4836749948
2019-01-01,2711,1656291363
2019-01-01,3104,308554120
2019-01-01,7207,1507207
2019-01-01,7208,116978116
2019-01-01,7209,26816159
2019-01-01,7210,81933457
2019-01-01,7211,14298758
2019-01-01,7212,3530387
2019-01-01,7213,25043751
2019-01-01,7214,8768409
2019-01-01,7215,8285520
2019-01-01,7216,8224204
2019-01-01,7217,17736680
2019-01-01,7218,2691871
2019-01-01,7224,1170661
2019-01-01,7225,55272435
2019-01-01,7226,6406315
2019-01-01,7227,23209888
2019-01-01,7228,12796745
2019-01-01,7304,9626018
2019-01-01,7305,57797830
2019-01-01,7306,54375592
2019-01-01,7601,361320791
2019-01-01,7604,33955818
2019-01-01,7605,52064773
2019-01-01,7606,45906406
2019-01-01,7607,5568083
2019-01-01,940161,23069381
2019-01-01,440311,5407469
2019-01-01,440711,6012327
2019-01-01,440719,403684526
2019-01-01,440713,0
2019-01-01,440714,0
2019-02-01,0302,54482182
2019-02-01,0303,5281178
2019-02-01,0304,25248207
2019-02-01,0305,4965224
2019-02-01,2709,4943074993
2019-02-01,2711,1377895670
2019-02-01,3104,244994231
2019-02-01,7207,898259
2019-02-01,7208,70900170
2019-02-01,7209,26758019
2019-02-01,7210,78440793
2019-02-01,7211,14945127
2019-02-01,7212,3392410
2019-02-01,7213,15583827
2019-02-01,7214,7594065
2019-02-01,7215,7757987
2019-02-01,7216,5127488
2019-02-01,7217,15325275
2019-02-01,7218,1898652
2019-02-01,7224,549829
2019-02-01,7225,41915105
2019-02-01,7226,6277629
2019-02-01,7227,17888121
2019-02-01,7228,11485314
2019-02-01,7304,11295332
2019-02-01,7305,50608778
2019-02-01,7306,51877654
2019-02-01,7601,430839250
2019-02-01,7604,32137291
2019-02-01,7605,35244211
2019-02-01,7606,43297412
2019-02-01,7607,7007768
2019-02-01,940161,23524519
2019-02-01,440311,3957178
2019-02-01,440711,5014156
2019-02-01,440719,412745665
2019-02-01,440713,0
2019-02-01,440714,0
2019-03-01,0302,82844465
2019-03-01,0303,5449740
2019-03-01,0304,29248750
2019-03-01,0305,6796027
2019-03-01,2709,7267242382
2019-03-01,2711,1571989127
2019-03-01,3104,286726975
2019-03-01,7207,689919
2019-03-01,7208,77314431
2019-03-01,7209,30115152
2019-03-01,7210,92596367
2019-03-01,7211,12069771
2019-03-01,7212,3134312
2019-03-01,7213,20580681
2019-03-01,7214,8235714
2019-03-01,7215,7457220
2019-03-01,7216,7795318
2019-03-01,7217,16056123
2019-03-01,7218,823330
2019-03-01,7224,1871891
2019-03-01,7225,42489527
2019-03-01,7226,6862042
2019-03-01,7227,17358694
2019-03-01,7228,13780830
2019-03-01,7304,9955616
2019-03-01,7305,52891496
2019-03-01,7306,59724477
2019-03-01,7601,405138569
2019-03-01,7604,34004217
2019-03-01,7605,27970545
2019-03-01,7606,42848862
2019-03-01,7607,8869208
2019-03-01,940161,24851385
2019-03-01,440311,4841852
2019-03-01,440711,6016229
2019-03-01,440719,554263299
2019-03-01,440713,0
2019-03-01,440714,0
2019-04-01,0302,81359654
2019-04-01,0303,3883193
2019-04-01,0304,31407301
2019-04-01,0305,5897740
2019-04-01,2709,8192708430
2019-04-01,2711,818201749
2019-04-01,3104,328905233
2019-04-01,7207,2304897
2019-04-01,7208,69065489
2019-04-01,7209,28982394
2019-04-01,7210,95510957
2019-04-01,7211,10463061
2019-04-01,7212,2516206
2019-04-01,7213,18784348
2019-04-01,7214,8621762
2019-04-01,7215,7183903
2019-04-01,7216,7899129
2019-04-01,7217,15220598
2019-04-01,7218,198972
2019-04-01,7224,4698646
2019-04-01,7225,47441699
2019-04-01,7226,5472930
2019-04-01,7227,21171552
2019-04-01,7228,12091809
2019-04-01,7304,7456487
2019-04-01,7305,6788868
2019-04-01,7306,58071538
2019-04-01,7601,481182496
2019-04-01,7604,34056525
2019-04-01,7605,25099977
2019-04-01,7606,45387081
2019-04-01,7607,8105614
2019-04-01,940161,24973018
2019-04-01,440311,5546365
2019-04-01,440711,6510480
2019-04-01,440719,599970864
2019-04-01,440713,0
2019-04-01,440714,0
2019-05-01,0302,86237813
2019-05-01,0303,3720237
2019-05-01,0304,30697738
2019-05-01,0305,4743905
2019-05-01,2709,9410909649
2019-05-01,2711,726179279
2019-05-01,3104,364036872
2019-05-01,7207,1146918
2019-05-01,7208,71272540
2019-05-01,7209,33287047
2019-05-01,7210,94905502
2019-05-01,7211,12940544
2019-05-01,7212,3511171
2019-05-01,7213,16663940
2019-05-01,7214,7855644
2019-05-01,7215,6423998
2019-05-01,7216,10160659
2019-05-01,7217,14367161
2019-05-01,7218,239761
2019-05-01,7224,6175769
2019-05-01,7225,47350669
2019-05-01,7226,5941596
2019-05-01,7227,17052608
2019-05-01,7228,13861408
2019-05-01,7304,6579859
2019-05-01,7305,212521
2019-05-01,7306,62675559
2019-05-01,7601,352926295
2019-05-01,7604,36391068
2019-05-01,7605,19948957
2019-05-01,7606,46271165
2019-05-01,7607,8032306
2019-05-01,940161,22676532
2019-05-01,440311,4931838
2019-05-01,440711,6618016
2019-05-01,440719,558158017
2019-05-01,440713,0
2019-05-01,440714,0
2019-06-01,0302,88184634
2019-06-01,0303,4185373
2019-06-01,0304,34884311
2019-06-01,0305,4878304
2019-06-01,2709,7735285780
2019-06-01,2711,595310935
2019-06-01,3104,217623614
2019-06-01,7207,30908280
2019-06-01,7208,85247285
2019-06-01,7209,37533514
2019-06-01,7210,95514582
2019-06-01,7211,12783874
2019-06-01,7212,3897280
2019-06-01,7213,12752448
2019-06-01,7214,9573134
2019-06-01,7215,6248726
2019-06-01,7216,16685279
2019-06-01,7217,15868835
2019-06-01,7218,735870
2019-06-01,7224,4126416
2019-06-01,7225,42279734
2019-06-01,7226,6533300
2019-06-01,7227,12421430
2019-06-01,7228,13491587
2019-06-01,7304,9256493
2019-06-01,7305,465436
2019-06-01,7306,75423944
2019-06-01,7601,517101639
2019-06-01,7604,36835707
2019-06-01,7605,22370871
2019-06-01,7606,44751818
2019-06-01,7607,8716439
2019-06-01,940161,24576989
2019-06-01,440311,4409577
2019-06-01,440711,5960406
2019-06-01,440719,484121132
2019-06-01,440713,0
2019-06-01,440714,0
2019-07-01,0302,89887783
2019-07-01,0303,7824060
2019-07-01,0304,38590790
2019-07-01,0305,4813171
2019-07-01,2709,8810456072
2019-07-01,2711,644195767
2019-07-01,3104,240274331
2019-07-01,7207,12839282
2019-07-01,7208,116360818
2019-07-01,7209,33231867
2019-07-01,7210,93342938
2019-07-01,7211,14487471
2019-07-01,7212,3197217
2019-07-01,7213,17080246
2019-07-01,7214,10083471
2019-07-01,7215,6589389
2019-07-01,7216,17622431
2019-07-01,7217,14466147
2019-07-01,7218,2264503
2019-07-01,7224,4824104
2019-07-01,7225,44547499
2019-07-01,7226,5089372
2019-07-01,7227,16812276
2019-07-01,7228,14232130
2019-07-01,7304,14857707
2019-07-01,7305,734489
2019-07-01,7306,76957863
2019-07-01,7601,650137747
2019-07-01,7604,40980386
2019-07-01,7605,30064945
2019-07-01,7606,51740586
2019-07-01,7607,10792313
2019-07-01,940161,26112692
2019-07-01,440311,5217641
2019-07-01,440711,5525280
2019-07-01,440719,453215466
2019-07-01,440713,0
2019-07-01,440714,0
2019-08-01,0302,83897577
2019-08-01,0303,9191480
2019-08-01,0304,34212837
2019-08-01,0305,4701594
2019-08-01,2709,7443907283
2019-08-01,2711,627050143
2019-08-01,3104,268660475
2019-08-01,7207,18913791
2019-08-01,7208,120570266
2019-08-01,7209,32344994
2019-08-01,7210,104500336
2019-08-01,7211,10751163
2019-08-01,7212,4132764
2019-08-01,7213,20722747
2019-08-01,7214,9145541
2019-08-01,7215,7208181
2019-08-01,7216,13719508
2019-08-01,7217,13546072
2019-08-01,7218,181534
2019-08-01,7224,2582283
2019-08-01,7225,51830038
2019-08-01,7226,5058221
2019-08-01,7227,17803517
2019-08-01,7228,12502253
2019-08-01,7304,21347472
2019-08-01,7305,9881331
2019-08-01,7306,81412035
2019-08-01,7601,552157362
2019-08-01,7604,36768149
2019-08-01,7605,30634507
2019-08-01,7606,52048587
2019-08-01,7607,8748363
2019-08-01,940161,23287663
2019-08-01,440311,4755335
2019-08-01,440711,5492269
2019-08-01,440719,477337339
2019-08-01,440713,0
2019-08-01,440714,0
2019-09-01,0302,86577434
2019-09-01,0303,6673092
2019-09-01,0304,35936426
2019-09-01,0305,6789356
2019-09-01,2709,7174847055
2019-09-01,2711,611033936
2019-09-01,3104,248125620
2019-09-01,7207,20224557
2019-09-01,7208,114112247
2019-09-01,7209,43093161
2019-09-01,7210,116069407
2019-09-01,7211,11756110
2019-09-01,7212,6354980
2019-09-01,7213,21460394
2019-09-01,7214,11121205
2019-09-01,7215,7211710
2019-09-01,7216,9372973
2019-09-01,7217,15523336
2019-09-01,7218,3955044
2019-09-01,7224,5293158
2019-09-01,7225,64506869
2019-09-01,7226,4432145
2019-09-01,7227,21722930
2019-09-01,7228,13937408
2019-09-01,7304,13239051
2019-09-01,7305,50208703
2019-09-01,7306,85047547
2019-09-01,7601,601757260
2019-09-01,7604,39830653
2019-09-01,7605,31742065
2019-09-01,7606,53551435
2019-09-01,7607,8031852
2019-09-01,940161,28279449
2019-09-01,440311,5854531
2019-09-01,440711,5830690
2019-09-01,440719,507221665
2019-09-01,440713,0
2019-09-01,440714,0
2019-10-01,0302,90562546
2019-10-01,0303,7853386
2019-10-01,0304,29541044
2019-10-01,0305,6025471
2019-10-01,2709,7768401800
2019-10-01,2711,709201435
2019-10-01,3104,221174926
2019-10-01,7207,19378889
2019-10-01,7208,101803980
2019-10-01,7209,39117425
2019-10-01,7210,112572140
2019-10-01,7211,9852869
2019-10-01,7212,6599467
2019-10-01,7213,21313395
2019-10-01,7214,12473458
2019-10-01,7215,7173095
2019-10-01,7216,14072828
2019-10-01,7217,17347674
2019-10-01,7218,431190
2019-10-01,7224,3238737
2019-10-01,7225,62039970
2019-10-01,7226,4492349
2019-10-01,7227,17996554
2019-10-01,7228,13339027
2019-10-01,7304,12602005
2019-10-01,7305,41045620
2019-10-01,7306,84953753
2019-10-01,7601,585675890
2019-10-01,7604,46452303
2019-10-01,7605,29500620
2019-10-01,7606,53009514
2019-10-01,7607,9006925
2019-10-01,940161,29100132
2019-10-01,440311,5128375
2019-10-01,440711,5655290
2019-10-01,440719,482707942
2019-10-01,440713,0
2019-10-01,440714,0
2019-11-01,0302,74030930
2019-11-01,0303,5219936
2019-11-01,0304,27920390
2019-11-01,0305,6967703
2019-11-01,2709,6273682955
2019-11-01,2711,982505890
2019-11-01,3104,232168986
2019-11-01,7207,20360129
2019-11-01,7208,74535852
2019-11-01,7209,36937951
2019-11-01,7210,86500358
2019-11-01,7211,9920450
2019-11-01,7212,4239083
2019-11-01,7213,14458758
2019-11-01,7214,9041437
2019-11-01,7215,6169628
2019-11-01,7216,11099956
2019-11-01,7217,13849226
2019-11-01,7218,855927
2019-11-01,7224,850716
2019-11-01,7225,43455929
2019-11-01,7226,3717538
2019-11-01,7227,12943361
2019-11-01,7228,10203234
2019-11-01,7304,5742876
2019-11-01,7305,23593496
2019-11-01,7306,73170259
2019-11-01,7601,458505377
2019-11-01,7604,41808571
2019-11-01,7605,30528404
2019-11-01,7606,46974903
2019-11-01,7607,8270429
2019-11-01,940161,27024055
2019-11-01,440311,5134554
2019-11-01,440711,4923505
2019-11-01,440719,412520799
2019-11-01,440713,0
2019-11-01,440714,0
2019-12-01,0302,70791601
2019-12-01,0303,6245942
2019-12-01,0304,23074847
2019-12-01,0305,7763179
2019-12-01,2709,7846813012
2019-12-01,2711,1195992150
2019-12-01,3104,203223191
2019-12-01,7207,22483998
2019-12-01,7208,94280620
2019-12-01,7209,38821217
2019-12-01,7210,86342941
2019-12-01,7211,9437715
2019-12-01,7212,3246501
2019-12-01,7213,16714106
2019-12-01,7214,10886518
2019-12-01,7215,5376738
2019-12-01,7216,9190071
2019-12-01,7217,13964324
2019-12-01,7218,3515848
2019-12-01,7224,1442748
2019-12-01,7225,56227313
2019-12-01,7226,2832524
2019-12-01,7227,12526563
2019-12-01,7228,9528092
2019-12-01,7304,4202473
2019-12-01,7305,20672766
2019-12-01,7306,66788088
2019-12-01,7601,644809803
2019-12-01,7604,37703584
2019-12-01,7605,40766236
2019-12-01,7606,42377545
2019-12-01,7607,7552188
2019-12-01,940161,23864666
2019-12-01,440311,3348106
2019-12-01,440711,4711137
2019-12-01,440719,484187515
2019-12-01,440713,0
2019-12-01,440714,0
2020-01-01,0302,67452881
2020-01-01,0303,5382919
2020-01-01,0304,30276271
2020-01-01,0305,4371285
2020-01-01,2709,7911843452
2020-01-01,2711,974361511
2020-01-01,3104,207268448
2020-01-01,7207,3837456
2020-01-01,7208,120404051
2020-01-01,7209,43385338
2020-01-01,7210,116455839
2020-01-01,7211,12400899
2020-01-01,7212,4985106
2020-01-01,7213,20564264
2020-01-01,7214,9811904
2020-01-01,7215,7472866
2020-01-01,7216,11470862
2020-01-01,7217,16273371
2020-01-01,7218,1749534
2020-01-01,7224,1389397
2020-01-01,7225,67059556
2020-01-01,7226,4465270
2020-01-01,7227,17971615
2020-01-01,7228,13837701
2020-01-01,7304,4073803
2020-01-01,7305,4970270
2020-01-01,7306,77342623
2020-01-01,7601,594939872
2020-01-01,7604,48264354
2020-01-01,7605,37134230
2020-01-01,7606,59711931
2020-01-01,7607,10223247
2020-01-01,940161,24937201
2020-01-01,440311,4726657
2020-01-01,440711,3017321
2020-01-01,440719,409705733
2020-01-01,440713,0
2020-01-01,440714,0
2020-02-01,0302,59089287
2020-02-01,0303,5009612
2020-02-01,0304,27392426
2020-02-01,0305,5537210
2020-02-01,2709,6787426638
2020-02-01,2711,783579480
2020-02-01,3104,258211940
2020-02-01,7207,4796154
2020-02-01,7208,96629540
2020-02-01,7209,35545212
2020-02-01,7210,106210396
2020-02-01,7211,10258714
2020-02-01,7212,3874671
2020-02-01,7213,17888649
2020-02-01,7214,8832222
2020-02-01,7215,7726348
2020-02-01,7216,8959396
2020-02-01,7217,17064904
2020-02-01,7218,3272240
2020-02-01,7224,1787703
2020-02-01,7225,65084744
2020-02-01,7226,3763309
2020-02-01,7227,13937474
2020-02-01,7228,14636137
2020-02-01,7304,2964207
2020-02-01,7305,5477613
2020-02-01,7306,84193910
2020-02-01,7601,438030750
2020-02-01,7604,47528807
2020-02-01,7605,26546122
2020-02-01,7606,61158602
2020-02-01,7607,8354725
2020-02-01,940161,26025534
2020-02-01,440311,4139054
2020-02-01,440711,3260253
2020-02-01,440719,476726212
2020-02-01,440713,0
2020-02-01,440714,0
2020-03-01,0302,66340576
2020-03-01,0303,4551008
2020-03-01,0304,33224067
2020-03-01,0305,8250795
2020-03-01,2709,6417108646
2020-03-01,2711,662709010
2020-03-01,3104,287528016
2020-03-01,7207,8670723
2020-03-01,7208,102044795
2020-03-01,7209,42506218
2020-03-01,7210,115246228
2020-03-01,7211,9726792
2020-03-01,7212,4546546
2020-03-01,7213,28030992
2020-03-01,7214,12069922
2020-03-01,7215,8144292
2020-03-01,7216,12754627
2020-03-01,7217,18492748
2020-03-01,7218,3461617
2020-03-01,7224,3849079
2020-03-01,7225,60988092
2020-03-01,7226,4706209
2020-03-01,7227,21868718
2020-03-01,7228,15240608
2020-03-01,7304,4015722
2020-03-01,7305,4993545
2020-03-01,7306,116188055
2020-03-01,7601,629087942
2020-03-01,7604,46569297
2020-03-01,7605,38766342
2020-03-01,7606,54674505
2020-03-01,7607,9691723
2020-03-01,940161,28136399
2020-03-01,440311,5888062
2020-03-01,440711,4284438
2020-03-01,440719,649628298
2020-03-01,440713,0
2020-03-01,440714,0
2020-04-01,0302,71979893
2020-04-01,0303,2816311
2020-04-01,0304,26202878
2020-04-01,0305,5933708
2020-04-01,2709,3944527762
2020-04-01,2711,484046181
2020-04-01,3104,354573451
2020-04-01,7207,13350776
2020-04-01,7208,72515959
2020-04-01,7209,32305695
2020-04-01,7210,59520531
2020-04-01,7211,2994869
2020-04-01,7212,2662112
2020-04-01,7213,15485590
2020-04-01,7214,8916307
2020-04-01,7215,3011492
2020-04-01,7216,9670115
2020-04-01,7217,14300260
2020-04-01,7218,4589650
2020-04-01,7224,542582
2020-04-01,7225,24589839
2020-04-01,7226,1553473
2020-04-01,7227,10500188
2020-04-01,7228,15269684
2020-04-01,7304,4368400
2020-04-01,7305,996610
2020-04-01,7306,72714113
2020-04-01,7601,594495232
2020-04-01,7604,24793048
2020-04-01,7605,38606902
2020-04-01,7606,22775247
2020-04-01,7607,9479434
2020-04-01,940161,13393167
2020-04-01,440311,5916638
2020-04-01,440711,3310847
2020-04-01,440719,499360309
2020-04-01,440713,0
2020-04-01,440714,0
2020-05-01,0302,79453953
2020-05-01,0303,3856671
2020-05-01,0304,34845482
2020-05-01,0305,7631181
2020-05-01,2709,2549618298
2020-05-01,2711,509079578
2020-05-01,3104,270667553
2020-05-01,7207,5800438
2020-05-01,7208,56488573
2020-05-01,7209,21063516
2020-05-01,7210,62652299
2020-05-01,7211,3750747
2020-05-01,7212,2116725
2020-05-01,7213,13332398
2020-05-01,7214,8710824
2020-05-01,7215,3908976
2020-05-01,7216,7592692
2020-05-01,7217,14834464
2020-05-01,7218,1316132
2020-05-01,7224,1081296
2020-05-01,7225,23192286
2020-05-01,7226,2377981
2020-05-01,7227,13014871
2020-05-01,7228,8147704
2020-05-01,7304,3308287
2020-05-01,7305,661826
2020-05-01,7306,59736036
2020-05-01,7601,555724578
2020-05-01,7604,25850025
2020-05-01,7605,37104090
2020-05-01,7606,22802525
2020-05-01,7607,8717429
2020-05-01,940161,18472673
2020-05-01,440311,4078875
2020-05-01,440711,4791187
2020-05-01,440719,454673601
2020-05-01,440713,0
2020-05-01,440714,0
2020-06-01,0302,87982249
2020-06-01,0303,3451040
2020-06-01,0304,31660595
2020-06-01,0305,5045375
2020-06-01,2709,3019560482
2020-06-01,2711,470420307
2020-06-01,3104,200015888
2020-06-01,7207,3054600
2020-06-01,7208,61254706
2020-06-01,7209,21494253
2020-06-01,7210,94617211
2020-06-01,7211,7791486
2020-06-01,7212,3838378
2020-06-01,7213,12691078
2020-06-01,7214,10652013
2020-06-01,7215,4602625
2020-06-01,7216,11658999
2020-06-01,7217,14503857
2020-06-01,7218,1942786
2020-06-01,7224,1074813
2020-06-01,7225,45031978
2020-06-01,7226,3173775
2020-06-01,7227,6039412
2020-06-01,7228,6943643
2020-06-01,7304,2605294
2020-06-01,7305,155163
2020-06-01,7306,73472713
2020-06-01,7601,491980180
2020-06-01,7604,37310819
2020-06-01,7605,33160170
2020-06-01,7606,35569977
2020-06-01,7607,9204263
2020-06-01,940161,25755175
2020-06-01,440311,5416028
2020-06-01,440711,4142423
2020-06-01,440719,524377315
2020-06-01,440713,0
2020-06-01,440714,0
2020-07-01,0302,89600099
2020-07-01,0303,6791893
2020-07-01,0304,34778292
2020-07-01,0305,5631493
2020-07-01,2709,4796331205
2020-07-01,2711,546524563
2020-07-01,3104,241768488
2020-07-01,7207,1905867
2020-07-01,7208,80808808
2020-07-01,7209,30108362
2020-07-01,7210,110714059
2020-07-01,7211,4994115
2020-07-01,7212,3873640
2020-07-01,7213,17402795
2020-07-01,7214,8195794
2020-07-01,7215,5261103
2020-07-01,7216,9353789
2020-07-01,7217,13009627
2020-07-01,7218,2335724
2020-07-01,7224,1577762
2020-07-01,7225,50458745
2020-07-01,7226,5195771
2020-07-01,7227,13686158
2020-07-01,7228,6460807
2020-07-01,7304,2160033
2020-07-01,7305,7427352
2020-07-01,7306,65661151
2020-07-01,7601,489571322
2020-07-01,7604,40490243
2020-07-01,7605,31464907
2020-07-01,7606,40564811
2020-07-01,7607,9009686
2020-07-01,940161,21469811
2020-07-01,440311,4795888
2020-07-01,440711,5014197
2020-07-01,440719,588002704
2020-07-01,440713,0
2020-07-01,440714,0
2020-08-01,0302,86186551
2020-08-01,0303,9569897
2020-08-01,0304,33284146
2020-08-01,0305,6647955
2020-08-01,2709,5074717034
2020-08-01,2711,620910424
2020-08-01,3104,259245916
2020-08-01,7207,1075841
2020-08-01,7208,70603061
2020-08-01,7209,28310780
2020-08-01,7210,106231909
2020-08-01,7211,6420526
2020-08-01,7212,4549755
2020-08-01,7213,15500135
2020-08-01,7214,9799915
2020-08-01,7215,5609171
2020-08-01,7216,10378863
2020-08-01,7217,13647327
2020-08-01,7218,5599531
2020-08-01,7224,1828002
2020-08-01,7225,50391100
2020-08-01,7226,5498144
2020-08-01,7227,11756392
2020-08-01,7228,10366592
2020-08-01,7304,1319826
2020-08-01,7305,10262410
2020-08-01,7306,73756462
2020-08-01,7601,505198819
2020-08-01,7604,38172091
2020-08-01,7605,37856218
2020-08-01,7606,42466436
2020-08-01,7607,7790008
2020-08-01,940161,26430982
2020-08-01,440311,4927217
2020-08-01,440711,4750405
2020-08-01,440719,798922711
2020-08-01,440713,0
2020-08-01,440714,0
2020-09-01,0302,83037402
2020-09-01,0303,4418552
2020-09-01,0304,34397851
2020-09-01,0305,5522959
2020-09-01,2709,5181925174
2020-09-01,2711,636573209
2020-09-01,3104,248782220
2020-09-01,7207,2347850
2020-09-01,7208,72089610
2020-09-01,7209,26308246
2020-09-01,7210,101620907
2020-09-01,7211,6483292
2020-09-01,7212,4517663
2020-09-01,7213,19315706
2020-09-01,7214,8966728
2020-09-01,7215,6494913
2020-09-01,7216,12523263
2020-09-01,7217,15393626
2020-09-01,7218,3586829
2020-09-01,7224,2221878
2020-09-01,7225,48376833
2020-09-01,7226,5582227
2020-09-01,7227,16569750
2020-09-01,7228,9290074
2020-09-01,7304,2549395
2020-09-01,7305,9031479
2020-09-01,7306,72589151
2020-09-01,7601,402774101
2020-09-01,7604,40951228
2020-09-01,7605,47731090
2020-09-01,7606,45837847
2020-09-01,7607,9841139
2020-09-01,940161,24048094
2020-09-01,440311,6634222
2020-09-01,440711,4495237
2020-09-01,440719,1110621980
2020-09-01,440713,0
2020-09-01,440714,0
2020-10-01,0302,70223170
2020-10-01,0303,6930026
2020-10-01,0304,30120576
2020-10-01,0305,7558896
2020-10-01,2709,5064218769
2020-10-01,2711,831986778
2020-10-01,3104,209075135
2020-10-01,7207,6842594
2020-10-01,7208,77590043
2020-10-01,7209,29497169
2020-10-01,7210,92100377
2020-10-01,7211,7535118
2020-10-01,7212,3981293
2020-10-01,7213,21792056
2020-10-01,7214,9932630
2020-10-01,7215,6586120
2020-10-01,7216,14928728
2020-10-01,7217,16378739
2020-10-01,7218,2521725
2020-10-01,7224,4532804
2020-10-01,7225,47714482
2020-10-01,7226,7527281
2020-10-01,7227,17771179
2020-10-01,7228,11019243
2020-10-01,7304,3814236
2020-10-01,7305,2104267
2020-10-01,7306,74123517
2020-10-01,7601,434555879
2020-10-01,7604,43216936
2020-10-01,7605,45743718
2020-10-01,7606,48454722
2020-10-01,7607,8922218
2020-10-01,940161,24652191
2020-10-01,440311,5330624
2020-10-01,440711,5274844
2020-10-01,440719,1122661565
2020-10-01,440713,0
2020-10-01,440714,0
2020-11-01,0302,49999972
2020-11-01,0303,5734556
2020-11-01,0304,24237455
2020-11-01,0305,7752270
2020-11-01,2709,4992484814
2020-11-01,2711,972540885
2020-11-01,3104,185711131
2020-11-01,7207,6259531
2020-11-01,7208,68713289
2020-11-01,7209,21788911
2020-11-01,7210,82005625
2020-11-01,7211,7304942
2020-11-01,7212,5185668
2020-11-01,7213,23400351
2020-11-01,7214,11861898
2020-11-01,7215,6668045
2020-11-01,7216,16249853
2020-11-01,7217,16564119
2020-11-01,7218,2153967
2020-11-01,7224,3476143
2020-11-01,7225,40394966
2020-11-01,7226,6887722
2020-11-01,7227,18320260
2020-11-01,7228,11092042
2020-11-01,7304,3145230
2020-11-01,7305,435437
2020-11-01,7306,76755206
2020-11-01,7601,444840639
2020-11-01,7604,43735884
2020-11-01,7605,47178414
2020-11-01,7606,50309498
2020-11-01,7607,8601475
2020-11-01,940161,27519517
2020-11-01,440311,4731792
2020-11-01,440711,5139181
2020-11-01,440719,820326370
2020-11-01,440713,0
2020-11-01,440714,0
2020-12-01,0302,55210876
2020-12-01,0303,6884750
2020-12-01,0304,20827664
2020-12-01,0305,6038034
2020-12-01,2709,5701037424
2020-12-01,2711,1214064418
2020-12-01,3104,223234497
2020-12-01,7207,10635500
2020-12-01,7208,98207013
2020-12-01,7209,30596546
2020-12-01,7210,89637319
2020-12-01,7211,8866923
2020-12-01,7212,2913236
2020-12-01,7213,17637171
2020-12-01,7214,10362962
2020-12-01,7215,5710304
2020-12-01,7216,11902520
2020-12-01,7217,15142852
2020-12-01,7218,2344467
2020-12-01,7224,5728714
2020-12-01,7225,52880115
2020-12-01,7226,5300938
2020-12-01,7227,18670774
2020-12-01,7228,15182165
2020-12-01,7304,1993016
2020-12-01,7305,86650
2020-12-01,7306,67253820
2020-12-01,7601,469725128
2020-12-01,7604,37824561
2020-12-01,7605,39742380
2020-12-01,7606,48069660
2020-12-01,7607,8490792
2020-12-01,940161,20945008
2020-12-01,440311,5172404
2020-12-01,440711,5920747
2020-12-01,440719,897270787
2020-12-01,440713,0
2020-12-01,440714,0
2021-01-01,0302,66612491
2021-01-01,0303,4357340
2021-01-01,0304,29687314
2021-01-01,0305,5303746
2021-01-01,2709,5916226201
2021-01-01,2711,1341873459
2021-01-01,3104,226980091
2021-01-01,7207,21973965
2021-01-01,7208,141193206
2021-01-01,7209,40388053
2021-01-01,7210,99139960
2021-01-01,7211,10621720
2021-01-01,7212,4906652
2021-01-01,7213,21611178
2021-01-01,7214,12367786
2021-01-01,7215,8206035
2021-01-01,7216,14754519
2021-01-01,7217,16618431
2021-01-01,7218,4531103
2021-01-01,7224,8380949
2021-01-01,7225,56828722
2021-01-01,7226,7130518
2021-01-01,7227,20800645
2021-01-01,7228,12319355
2021-01-01,7304,1155892
2021-01-01,7305,467440
2021-01-01,7306,99124736
2021-01-01,7601,502086131
2021-01-01,7604,44585165
2021-01-01,7605,46586612
2021-01-01,7606,51609608
2021-01-01,7607,8237291
2021-01-01,940161,23226461
2021-01-01,440311,5346586
2021-01-01,440711,5924993
2021-01-01,440719,1087981770
2021-01-01,440713,0
2021-01-01,440714,0
2021-02-01,0302,59254563
2021-02-01,0303,4671927
2021-02-01,0304,25516036
2021-02-01,0305,5372688
2021-02-01,2709,5946904952
2021-02-01,2711,2148193665
2021-02-01,3104,215418882
2021-02-01,7207,26201012
2021-02-01,7208,121021625
2021-02-01,7209,41731673
2021-02-01,7210,101276552
2021-02-01,7211,13540692
2021-02-01,7212,4555957
2021-02-01,7213,24001033
2021-02-01,7214,12440362
2021-02-01,7215,8359447
2021-02-01,7216,12388841
2021-02-01,7217,20217974
2021-02-01,7218,5590338
2021-02-01,7224,5838641
2021-02-01,7225,63542925
2021-02-01,7226,8018377
2021-02-01,7227,22964760
2021-02-01,7228,13815875
2021-02-01,7304,3291807
2021-02-01,7305,135171
2021-02-01,7306,96564401
2021-02-01,7601,559672917
2021-02-01,7604,45631082
2021-02-01,7605,44196777
2021-02-01,7606,45648571
2021-02-01,7607,8926744
2021-02-01,940161,21479923
2021-02-01,440311,4029436
2021-02-01,440711,5613737
2021-02-01,440719,1084848158
2021-02-01,440713,0
2021-02-01,440714,0
2021-03-01,0302,88664147
2021-03-01,0303,6006930
2021-03-01,0304,30055581
2021-03-01,0305,6541443
2021-03-01,2709,7545996432
2021-03-01,2711,1265244326
2021-03-01,3104,254160207
2021-03-01,7207,36072017
2021-03-01,7208,168487114
2021-03-01,7209,48242159
2021-03-01,7210,134097360
2021-03-01,7211,17690107
2021-03-01,7212,5902466
2021-03-01,7213,27801758
2021-03-01,7214,15696536
2021-03-01,7215,9984394
2021-03-01,7216,16243521
2021-03-01,7217,23054654
2021-03-01,7218,5662733
2021-03-01,7224,6985026
2021-03-01,7225,74812881
2021-03-01,7226,10412613
2021-03-01,7227,29088595
2021-03-01,7228,17175939
2021-03-01,7304,2719887
2021-03-01,7305,29620
2021-03-01,7306,125313641
2021-03-01,7601,656414931
2021-03-01,7604,53121490
2021-03-01,7605,54025644
2021-03-01,7606,54506338
2021-03-01,7607,10043286
2021-03-01,940161,24794852
2021-03-01,440311,6070571
2021-03-01,440711,4099215
2021-03-01,440719,1443321794
2021-03-01,440713,0
2021-03-01,440714,0
2021-04-01,0302,89999319
2021-04-01,0303,5070409
2021-04-01,0304,28973199
2021-04-01,0305,5093449
2021-04-01,2709,6983095913
2021-04-01,2711,886729534
2021-04-01,3104,300390399
2021-04-01,7207,27987637
2021-04-01,7208,190138803
2021-04-01,7209,51355877
2021-04-01,7210,112907844
2021-04-01,7211,15872617
2021-04-01,7212,5748976
2021-04-01,7213,27691118
2021-04-01,7214,14106490
2021-04-01,7215,7208627
2021-04-01,7216,18046015
2021-04-01,7217,21157327
2021-04-01,7218,4284210
2021-04-01,7224,7966328
2021-04-01,7225,75900818
2021-04-01,7226,8060274
2021-04-01,7227,22003881
2021-04-01,7228,20301246
2021-04-01,7304,2025704
2021-04-01,7305,107373
2021-04-01,7306,127104502
2021-04-01,7601,791211387
2021-04-01,7604,48911255
2021-04-01,7605,47535781
2021-04-01,7606,53307910
2021-04-01,7607,9472447
2021-04-01,940161,25141937
2021-04-01,440311,5921655
2021-04-01,440711,3987018
2021-04-01,440719,1571649711
2021-04-01,440713,0
2021-04-01,440714,0
2021-05-01,0302,103968197
2021-05-01,0303,3505351
2021-05-01,0304,35675898
2021-05-01,0305,5669320
2021-05-01,2709,7210021332
2021-05-01,2711,860228307
2021-05-01,3104,300413068
2021-05-01,7207,27759426
2021-05-01,7208,192207539
2021-05-01,7209,47498163
2021-05-01,7210,109843478
2021-05-01,7211,16656989
2021-05-01,7212,7069443
2021-05-01,7213,30226878
2021-05-01,7214,12928045
2021-05-01,7215,8823468
2021-05-01,7216,22185995
2021-05-01,7217,23788304
2021-05-01,7218,8055031
2021-05-01,7224,9907385
2021-05-01,7225,87099582
2021-05-01,7226,8286230
2021-05-01,7227,26261688
2021-05-01,7228,21595570
2021-05-01,7304,8481219
2021-05-01,7305,800983
2021-05-01,7306,128733712
2021-05-01,7601,681896878
2021-05-01,7604,48656800
2021-05-01,7605,51041159
2021-05-01,7606,55408709
2021-05-01,7607,8466427
2021-05-01,940161,27884741
2021-05-01,440311,5195876
2021-05-01,440711,4343520
2021-05-01,440719,1931570326
2021-05-01,440713,0
2021-05-01,440714,0
2021-06-01,0302,96417534
2021-06-01,0303,6905756
2021-06-01,0304,38735957
2021-06-01,0305,4734124
2021-06-01,2709,8927880645
2021-06-01,2711,921886744
2021-06-01,3104,257476475
2021-06-01,7207,25882775
2021-06-01,7208,240901885
2021-06-01,7209,60040141
2021-06-01,7210,124079630
2021-06-01,7211,21987153
2021-06-01,7212,6657443
2021-06-01,7213,24841116
2021-06-01,7214,17777039
2021-06-01,7215,9054683
2021-06-01,7216,23721222
2021-06-01,7217,23192306
2021-06-01,7218,7563893
2021-06-01,7224,10130676
2021-06-01,7225,82284284
2021-06-01,7226,9987138
2021-06-01,7227,24005809
2021-06-01,7228,17132712
2021-06-01,7304,14046643
2021-06-01,7305,406544
2021-06-01,7306,132699915
2021-06-01,7601,792808797
2021-06-01,7604,59540133
2021-06-01,7605,53153052
2021-06-01,7606,49788301
2021-06-01,7607,8292644
2021-06-01,940161,33156228
2021-06-01,440311,5085647
2021-06-01,440711,5799960
2021-06-01,440719,1895128397
2021-06-01,440713,0
2021-06-01,440714,0
2021-07-01,0302,112755894
2021-07-01,0303,8322271
2021-07-01,0304,43977972
2021-07-01,0305,6240150
2021-07-01,2709,8661113556
2021-07-01,2711,1187557358
2021-07-01,3104,284007982
2021-07-01,7207,29904798
2021-07-01,7208,254221802
2021-07-01,7209,59708780
2021-07-01,7210,127135338
2021-07-01,7211,26139934
2021-07-01,7212,6734282
2021-07-01,7213,30905395
2021-07-01,7214,19799119
2021-07-01,7215,7780287
2021-07-01,7216,23388747
2021-07-01,7217,19546948
2021-07-01,7218,3764364
2021-07-01,7224,4273947
2021-07-01,7225,82118481
2021-07-01,7226,4965215
2021-07-01,7227,23691069
2021-07-01,7228,14823120
2021-07-01,7304,14188909
2021-07-01,7305,5338126
2021-07-01,7306,125818498
2021-07-01,7601,823924707
2021-07-01,7604,50361765
2021-07-01,7605,59171529
2021-07-01,7606,47084755
2021-07-01,7607,6492560
2021-07-01,940161,25731712
2021-07-01,440311,7066813
2021-07-01,440711,5112472
2021-07-01,440719,1067156068
2021-07-01,440713,0
2021-07-01,440714,0
2021-08-01,0302,101439286
2021-08-01,0303,7449867
2021-08-01,0304,45587218
2021-08-01,0305,5978283
2021-08-01,2709,9434746704
2021-08-01,2711,1287835141
2021-08-01,3104,294391334
2021-08-01,7207,23686587
2021-08-01,7208,318633060
2021-08-01,7209,71445556
2021-08-01,7210,157850721
2021-08-01,7211,19493971
2021-08-01,7212,9823875
2021-08-01,7213,35645345
2021-08-01,7214,21517799
2021-08-01,7215,8849463
2021-08-01,7216,28608361
2021-08-01,7217,24539301
2021-08-01,7218,1953991
2021-08-01,7224,8312357
2021-08-01,7225,85689553
2021-08-01,7226,5240663
2021-08-01,7227,24829604
2021-08-01,7228,25679057
2021-08-01,7304,8201520
2021-08-01,7305,16207422
2021-08-01,7306,150184073
2021-08-01,7601,879670908
2021-08-01,7604,64698617
2021-08-01,7605,64480645
2021-08-01,7606,61807375
2021-08-01,7607,10205068
2021-08-01,940161,24323990
2021-08-01,440311,5842332
2021-08-01,440711,4679081
2021-08-01,440719,737927671
2021-08-01,440713,0
2021-08-01,440714,0
2021-09-01,0302,86962152
2021-09-01,0303,11373480
2021-09-01,0304,47346679
2021-09-01,0305,7627747
2021-09-01,2709,9051232525
2021-09-01,2711,1400570726
2021-09-01,3104,339508333
2021-09-01,7207,24204948
2021-09-01,7208,351604085
2021-09-01,7209,77178501
2021-09-01,7210,161482336
2021-09-01,7211,26964510
2021-09-01,7212,7710273
2021-09-01,7213,36576739
2021-09-01,7214,21716326
2021-09-01,7215,9317722
2021-09-01,7216,25303652
2021-09-01,7217,27137212
2021-09-01,7218,8156767
2021-09-01,7224,8014384
2021-09-01,7225,93696825
2021-09-01,7226,6304884
2021-09-01,7227,25077412
2021-09-01,7228,22772333
2021-09-01,7304,4501137
2021-09-01,7305,15120558
2021-09-01,7306,165010853
2021-09-01,7601,753794962
2021-09-01,7604,60536147
2021-09-01,7605,56695201
2021-09-01,7606,59805431
2021-09-01,7607,8984323
2021-09-01,940161,27025916
2021-09-01,440311,6119094
2021-09-01,440711,4153018
2021-09-01,440719,643237291
2021-09-01,440713,0
2021-09-01,440714,0
2021-10-01,0302,84008417
2021-10-01,0303,8489524
2021-10-01,0304,38975852
2021-10-01,0305,8010245
2021-10-01,2709,8789553969
2021-10-01,2711,1768584653
2021-10-01,3104,373510293
2021-10-01,7207,21003258
2021-10-01,7208,312970898
2021-10-01,7209,88395846
2021-10-01,7210,152837447
2021-10-01,7211,32335954
2021-10-01,7212,8101845
2021-10-01,7213,38166541
2021-10-01,7214,27452596
2021-10-01,7215,7894269
2021-10-01,7216,23334617
2021-10-01,7217,25977160
2021-10-01,7218,5460746
2021-10-01,7224,9126324
2021-10-01,7225,97803779
2021-10-01,7226,6839003
2021-10-01,7227,25932250
2021-10-01,7228,22110338
2021-10-01,7304,6316977
2021-10-01,7305,1825143
2021-10-01,7306,165485708
2021-10-01,7601,1025173357
2021-10-01,7604,63765793
2021-10-01,7605,64877125
2021-10-01,7606,60093829
2021-10-01,7607,10806460
2021-10-01,940161,27896824
2021-10-01,440311,4877821
2021-10-01,440711,3127545
2021-10-01,440719,788885722
2021-10-01,440713,0
2021-10-01,440714,0
2021-11-01,0302,70671898
2021-11-01,0303,6107223
2021-11-01,0304,35253019
2021-11-01,0305,8507789
2021-11-01,2709,10883096023
2021-11-01,2711,1997285130
2021-11-01,3104,454633559
2021-11-01,7207,19091790
2021-11-01,7208,266042707
2021-11-01,7209,80328422
2021-11-01,7210,133279302
2021-11-01,7211,36158448
2021-11-01,7212,8416306
2021-11-01,7213,37731356
2021-11-01,7214,28821401
2021-11-01,7215,9369717
2021-11-01,7216,26865179
2021-11-01,7217,25954935
2021-11-01,7218,7216768
2021-11-01,7224,4292100
2021-11-01,7225,72459381
2021-11-01,7226,8477050
2021-11-01,7227,24639093
2021-11-01,7228,24399847
2021-11-01,7304,3622156
2021-11-01,7305,717074
2021-11-01,7306,167307752
2021-11-01,7601,1068521919
2021-11-01,7604,66528304
2021-11-01,7605,79223475
2021-11-01,7606,67272369
2021-11-01,7607,8463256
2021-11-01,940161,31361247
2021-11-01,440311,5936819
2021-11-01,440711,5350669
2021-11-01,440719,851880814
2021-11-01,440713,0
2021-11-01,440714,0
2021-12-01,0302,75197108
2021-12-01,0303,5878736
2021-12-01,0304,31366704
2021-12-01,0305,7923944
2021-12-01,2709,10695354774
2021-12-01,2711,2000916603
2021-12-01,3104,462921276
2021-12-01,7207,26986705
2021-12-01,7208,317285343
2021-12-01,7209,80632046
2021-12-01,7210,151833850
2021-12-01,7211,48561016
2021-12-01,7212,5906169
2021-12-01,7213,28441727
2021-12-01,7214,23111273
2021-12-01,7215,6679958
2021-12-01,7216,24140732
2021-12-01,7217,25464262
2021-12-01,7218,4362027
2021-12-01,7224,5009184
2021-12-01,7225,107097033
2021-12-01,7226,13190411
2021-12-01,7227,18908259
2021-12-01,7228,18190076
2021-12-01,7304,3931224
2021-12-01,7305,1928881
2021-12-01,7306,136172816
2021-12-01,7601,754045822
2021-12-01,7604,55636355
2021-12-01,7605,60668020
2021-12-01,7606,51709728
2021-12-01,7607,11889999
2021-12-01,940161,26731739
2021-12-01,440311,4334589
2021-12-01,440711,3519592
2021-12-01,440719,763407761
2021-12-01,440713,0
2021-12-01,440714,0
2022-01-01,0302,74987623
2022-01-01,0303,5451448
2022-01-01,0304,37854522
2022-01-01,0305,6676965
2022-01-01,2709,10337253177
2022-01-01,2711,2651243291
2022-01-01,3104,355979952
2022-01-01,7207,19915043
2022-01-01,7208,319432451
2022-01-01,7209,78749119
2022-01-01,7210,161373120
2022-01-01,7211,35612438
2022-01-01,7212,6765540
2022-01-01,7213,35018339
2022-01-01,7214,26560479
2022-01-01,7215,8500743
2022-01-01,7216,27825640
2022-01-01,7217,25237130
2022-01-01,7218,4390151
2022-01-01,7224,5405145
2022-01-01,7225,108181366
2022-01-01,7226,8588652
2022-01-01,7227,17149051
2022-01-01,7228,22772194
2022-01-01,7304,10170134
2022-01-01,7305,635540
2022-01-01,7306,140541011
2022-01-01,7601,832250407
2022-01-01,7604,63751204
2022-01-01,7605,56301050
2022-01-01,7606,56950245
2022-01-01,7607,7846187
2022-01-01,940161,28541704
2022-01-01,440311,5346354
2022-01-01,440711,3339471
2022-01-01,440719,150690561
2022-01-01,440713,745821795
2022-01-01,440714,16740927
2022-02-01,0302,77478185
2022-02-01,0303,6818134
2022-02-01,0304,39128841
2022-02-01,0305,7172413
2022-02-01,2709,10148628448
2022-02-01,2711,2231381185
2022-02-01,3104,402130459
2022-02-01,7207,26022315
2022-02-01,7208,171772616
2022-02-01,7209,89391935
2022-02-01,7210,149024198
2022-02-01,7211,31857946
2022-02-01,7212,8641377
2022-02-01,7213,29101359
2022-02-01,7214,22059689
2022-02-01,7215,8447867
2022-02-01,7216,26065345
2022-02-01,7217,26724847
2022-02-01,7218,7380038
2022-02-01,7224,8493462
2022-02-01,7225,71389612
2022-02-01,7226,4866487
2022-02-01,7227,18715689
2022-02-01,7228,15378414
2022-02-01,7304,4137169
2022-02-01,7305,241353
2022-02-01,7306,145244996
2022-02-01,7601,794771237
2022-02-01,7604,66990648
2022-02-01,7605,67917952
2022-02-01,7606,62629985
2022-02-01,7607,11688275
2022-02-01,940161,26211197
2022-02-01,440311,5742425
2022-02-01,440711,3775264
2022-02-01,440719,167456428
2022-02-01,440713,958074762
2022-02-01,440714,21105877
2022-03-01,0302,102317037
2022-03-01,0303,4646725
2022-03-01,0304,41659332
2022-03-01,0305,7427927
2022-03-01,2709,13460966774
2022-03-01,2711,2034142500
2022-03-01,3104,666520891
2022-03-01,7207,26348617
2022-03-01,7208,235039017
2022-03-01,7209,106384142
2022-03-01,7210,201819295
2022-03-01,7211,34627667
2022-03-01,7212,10353286
2022-03-01,7213,37451012
2022-03-01,7214,25478553
2022-03-01,7215,9466641
2022-03-01,7216,32500922
2022-03-01,7217,29355733
2022-03-01,7218,8502583
2022-03-01,7224,12658723
2022-03-01,7225,103504175
2022-03-01,7226,7597104
2022-03-01,7227,26944574
2022-03-01,7228,23970989
2022-03-01,7304,16983059
2022-03-01,7305,220797
2022-03-01,7306,194733790
2022-03-01,7601,933251697
2022-03-01,7604,84506441
2022-03-01,7605,91938653
2022-03-01,7606,75175365
2022-03-01,7607,12138212
2022-03-01,940161,32619397
2022-03-01,440311,6768768
2022-03-01,440711,4826877
2022-03-01,440719,231207870
2022-03-01,440713,1211974490
2022-03-01,440714,23882324
2022-04-01,0302,106654268
2022-04-01,0303,5863653
2022-04-01,0304,35823575
2022-04-01,0305,7837364
2022-04-01,2709,12723669337
2022-04-01,2711,2123303721
2022-04-01,3104,635200142
2022-04-01,7207,26838953
2022-04-01,7208,250620563
2022-04-01,7209,74923379
2022-04-01,7210,180202934
2022-04-01,7211,31147412
2022-04-01,7212,7811048
2022-04-01,7213,36018607
2022-04-01,7214,27463685
2022-04-01,7215,5713444
2022-04-01,7216,39454292
2022-04-01,7217,24423573
2022-04-01,7218,7360986
2022-04-01,7224,10765802
2022-04-01,7225,96719621
2022-04-01,7226,8413763
2022-04-01,7227,33326113
2022-04-01,7228,30830149
2022-04-01,7304,16342333
2022-04-01,7305,585438
2022-04-01,7306,162960090
2022-04-01,7601,1132131440
2022-04-01,7604,83306769
2022-04-01,7605,87559118
2022-04-01,7606,74500035
2022-04-01,7607,11537434
2022-04-01,940161,28111922
2022-04-01,440311,7003170
2022-04-01,440711,5831994
2022-04-01,440719,207996436
2022-04-01,440713,1134166280
2022-04-01,440714,22588394
2022-05-01,0302,117798817
2022-05-01,0303,5051827
2022-05-01,0304,38799783
2022-05-01,0305,7452290
2022-05-01,2709,14156484798
2022-05-01,2711,2423420104
2022-05-01,3104,640525650
2022-05-01,7207,34915496
2022-05-01,7208,270436632
2022-05-01,7209,89353780
2022-05-01,7210,175403498
2022-05-01,7211,39257448
2022-05-01,7212,10041347
2022-05-01,7213,44108782
2022-05-01,7214,36825723
2022-05-01,7215,6905415
2022-05-01,7216,45550595
2022-05-01,7217,27993516
2022-05-01,7218,12791951
2022-05-01,7224,11970878
2022-05-01,7225,91460864
2022-05-01,7226,10036432
2022-05-01,7227,46635218
2022-05-01,7228,25037578
2022-05-01,7304,16447163
2022-05-01,7305,1378091
2022-05-01,7306,182877202
2022-05-01,7601,1368277729
2022-05-01,7604,85331999
2022-05-01,7605,88353112
2022-05-01,7606,85790032
2022-05-01,7607,16000221
2022-05-01,940161,33204912
2022-05-01,440311,8782105
2022-05-01,440711,6468982
2022-05-01,440719,236870458
2022-05-01,440713,1126195437
2022-05-01,440714,18675496
2022-06-01,0302,116957341
2022-06-01,0303,3901811
2022-06-01,0304,34788495
2022-06-01,0305,6479637
2022-06-01,2709,14908092780
2022-06-01,2711,2411419915
2022-06-01,3104,570440041
2022-06-01,7207,40641870
2022-06-01,7208,278175412
2022-06-01,7209,92558305
2022-06-01,7210,165593961
2022-06-01,7211,34041232
2022-06-01,7212,7910378
2022-06-01,7213,42895722
2022-06-01,7214,33764497
2022-06-01,7215,6547859
2022-06-01,7216,37086473
2022-06-01,7217,29901531
2022-06-01,7218,12501833
2022-06-01,7224,13177543
2022-06-01,7225,95926306
2022-06-01,7226,6661908
2022-06-01,7227,39725908
2022-06-01,7228,26619775
2022-06-01,7304,7690348
2022-06-01,7305,555710
2022-06-01,7306,185002780
2022-06-01,7601,1349187070
2022-06-01,7604,78518859
2022-06-01,7605,80345361
2022-06-01,7606,69853234
2022-06-01,7607,16504029
2022-06-01,940161,30185488
2022-06-01,440311,7462408
2022-06-01,440711,4855362
2022-06-01,440719,203045724
2022-06-01,440713,833406147
2022-06-01,440714,11877580
2022-07-01,0302,135269496
2022-07-01,0303,5303734
2022-07-01,0304,39125092
2022-07-01,0305,6801910
2022-07-01,2709,14911749479
2022-07-01,2711,2257807685
2022-07-01,3104,459745175
2022-07-01,7207,40099288
2022-07-01,7208,200729339
2022-07-01,7209,78809354
2022-07-01,7210,152275630
2022-07-01,7211,28850703
2022-07-01,7212,6251903
2022-07-01,7213,38250910
2022-07-01,7214,37925007
2022-07-01,7215,8223220
2022-07-01,7216,35827963
2022-07-01,7217,22788512
2022-07-01,7218,5751816
2022-07-01,7224,8032944
2022-07-01,7225,87305945
2022-07-01,7226,8749516
2022-07-01,7227,30224006
2022-07-01,7228,22744963
2022-07-01,7304,11847710
2022-07-01,7305,302787
2022-07-01,7306,179986093
2022-07-01,7601,861753687
2022-07-01,7604,64913678
2022-07-01,7605,79792902
2022-07-01,7606,63704965
2022-07-01,7607,15294267
2022-07-01,940161,29252449
2022-07-01,440311,6295541
2022-07-01,440711,5322366
2022-07-01,440719,141982820
2022-07-01,440713,631923713
2022-07-01,440714,10288484
2022-08-01,0302,124359207
2022-08-01,0303,7067379
2022-08-01,0304,36656578
2022-08-01,0305,6988278
2022-08-01,2709,14891745637
2022-08-01,2711,2406109644
2022-08-01,3104,709676336
2022-08-01,7207,23914702
2022-08-01,7208,186825840
2022-08-01,7209,85755594
2022-08-01,7210,173021172
2022-08-01,7211,24822885
2022-08-01,7212,8135308
2022-08-01,7213,33047345
2022-08-01,7214,32878057
2022-08-01,7215,9543993
2022-08-01,7216,39263415
2022-08-01,7217,24556054
2022-08-01,7218,3025683
2022-08-01,7224,8475656
2022-08-01,7225,97871733
2022-08-01,7226,9525869
2022-08-01,7227,32371476
2022-08-01,7228,22177838
2022-08-01,7304,8479459
2022-08-01,7305,585925
2022-08-01,7306,174360546
2022-08-01,7601,937349019
2022-08-01,7604,71277096
2022-08-01,7605,74788395
2022-08-01,7606,77963604
2022-08-01,7607,16453631
2022-08-01,940161,30894250
2022-08-01,440311,10172129
2022-08-01,440711,6717563
2022-08-01,440719,183140807
2022-08-01,440713,722512178
2022-08-01,440714,14031892
2022-09-01,0302,83228036
2022-09-01,0303,7433589
2022-09-01,0304,30006176
2022-09-01,0305,7198334
2022-09-01,2709,12968534072
2022-09-01,2711,2206525459
2022-09-01,3104,516047455
2022-09-01,7207,31322044
2022-09-01,7208,148390367
2022-09-01,7209,71567147
2022-09-01,7210,154553423
2022-09-01,7211,32089913
2022-09-01,7212,7453397
2022-09-01,7213,32641916
2022-09-01,7214,30136307
2022-09-01,7215,8844444
2022-09-01,7216,34445913
2022-09-01,7217,25018853
2022-09-01,7218,902845
2022-09-01,7224,8905624
2022-09-01,7225,80771313
2022-09-01,7226,8958891
2022-09-01,7227,28254240
2022-09-01,7228,21401395
2022-09-01,7304,7063793
2022-09-01,7305,497841
2022-09-01,7306,158571121
2022-09-01,7601,842075692
2022-09-01,7604,64008860
2022-09-01,7605,79865972
2022-09-01,7606,64176861
2022-09-01,7607,20351122
2022-09-01,940161,32632488
2022-09-01,440311,7607913
2022-09-01,440711,8031208
2022-09-01,440719,155218610
2022-09-01,440713,618125206
2022-09-01,440714,12642222
2022-10-01,0302,85835924
2022-10-01,0303,7095207
2022-10-01,0304,39447522
2022-10-01,0305,10318205
2022-10-01,2709,12355574331
2022-10-01,2711,1910039654
2022-10-01,3104,578511252
2022-10-01,7207,33111891
2022-10-01,7208,169990726
2022-10-01,7209,74888698
2022-10-01,7210,130755654
2022-10-01,7211,21008243
2022-10-01,7212,7885901
2022-10-01,7213,31291573
2022-10-01,7214,32280791
2022-10-01,7215,10586870
2022-10-01,7216,42136170
2022-10-01,7217,27460791
2022-10-01,7218,3240358
2022-10-01,7224,6897548
2022-10-01,7225,85675904
2022-10-01,7226,11691313
2022-10-01,7227,24999540
2022-10-01,7228,19376737
2022-10-01,7304,8680768
2022-10-01,7305,1803578
2022-10-01,7306,184005839
2022-10-01,7601,840582811
2022-10-01,7604,62608196
2022-10-01,7605,63620514
2022-10-01,7606,65053635
2022-10-01,7607,20292815
2022-10-01,940161,36874499
2022-10-01,440311,9595078
2022-10-01,440711,10512186
2022-10-01,440719,138220191
2022-10-01,440713,599946458
2022-10-01,440714,12640005
2022-11-01,0302,69380323
2022-11-01,0303,5717896
2022-11-01,0304,30425109
2022-11-01,0305,10459067
2022-11-01,2709,11208354884
2022-11-01,2711,2278266447
2022-11-01,3104,558341968
2022-11-01,7207,30764197
2022-11-01,7208,134316133
2022-11-01,7209,63660588
2022-11-01,7210,128762352
2022-11-01,7211,21733190
2022-11-01,7212,7231042
2022-11-01,7213,23461431
2022-11-01,7214,29297518
2022-11-01,7215,8129315
2022-11-01,7216,33576633
2022-11-01,7217,23054460
2022-11-01,7218,999672
2022-11-01,7224,10067153
2022-11-01,7225,78324089
2022-11-01,7226,8641669
2022-11-01,7227,23739235
2022-11-01,7228,23293052
2022-11-01,7304,11135613
2022-11-01,7305,4134302
2022-11-01,7306,160197659
2022-11-01,7601,870708465
2022-11-01,7604,57361514
2022-11-01,7605,57408233
2022-11-01,7606,149734595
2022-11-01,7607,16656558
2022-11-01,940161,33711807
2022-11-01,440311,8866676
2022-11-01,440711,8039181
2022-11-01,440719,128835330
2022-11-01,440713,507905384
2022-11-01,440714,9914712
2022-12-01,0302,69174431
2022-12-01,0303,6470161
2022-12-01,0304,27963934
2022-12-01,0305,9280081
2022-12-01,2709,10649182607
2022-12-01,2711,4147736508
2022-12-01,3104,452906283
2022-12-01,7207,22781046
2022-12-01,7208,144775165
2022-12-01,7209,59694469
2022-12-01,7210,119416023
2022-12-01,7211,20587795
2022-12-01,7212,4827007
2022-12-01,7213,32428864
2022-12-01,7214,31890603
2022-12-01,7215,6812862
2022-12-01,7216,27639630
2022-12-01,7217,20771138
2022-12-01,7218,2143333
2022-12-01,7224,5237256
2022-12-01,7225,90459249
2022-12-01,7226,7897935
2022-12-01,7227,26634422
2022-12-01,7228,20824444
2022-12-01,7304,24942185
2022-12-01,7305,2253797
2022-12-01,7306,132447853
2022-12-01,7601,798898312
2022-12-01,7604,51178966
2022-12-01,7605,59647260
2022-12-01,7606,44691863
2022-12-01,7607,11487758
2022-12-01,940161,32355937
2022-12-01,440311,8445253
2022-12-01,440711,4133984
2022-12-01,440719,104486809
2022-12-01,440713,375640275
2022-12-01,440714,8219558
2023-01-01,0302,52213158
2023-01-01,0303,6494048
2023-01-01,0304,37177517
2023-01-01,0305,8053005
2023-01-01,2709,10954238782
2023-01-01,2711,3520911546
2023-01-01,3104,537239745
2023-01-01,7207,31995343
2023-01-01,7208,146265387
2023-01-01,7209,48655700
2023-01-01,7210,159252434
2023-01-01,7211,25473039
2023-01-01,7212,6640093
2023-01-01,7213,31349670
2023-01-01,7214,24607427
2023-01-01,7215,10044541
2023-01-01,7216,33601660
2023-01-01,7217,23986306
2023-01-01,7218,7103048
2023-01-01,7224,10125639
2023-01-01,7225,95166008
2023-01-01,7226,10059741
2023-01-01,7227,25859277
2023-01-01,7228,24517082
2023-01-01,7304,70318085
2023-01-01,7305,611613
2023-01-01,7306,170647916
2023-01-01,7601,903183242
2023-01-01,7604,61371535
2023-01-01,7605,77074558
2023-01-01,7606,64034488
2023-01-01,7607,16268370
2023-01-01,940161,34535166
2023-01-01,440311,13145792
2023-01-01,440711,5939993
2023-01-01,440719,105715819
2023-01-01,440713,387641607
2023-01-01,440714,9441810
2023-02-01,0302,51715370
2023-02-01,0303,6024940
2023-02-01,0304,35391905
2023-02-01,0305,7681812
2023-02-01,2709,9578386681
2023-02-01,2711,2181505141
2023-02-01,3104,534859294
2023-02-01,7207,23433023
2023-02-01,7208,130169816
2023-02-01,7209,49394482
2023-02-01,7210,135117663
2023-02-01,7211,27282764
2023-02-01,7212,5652379
2023-02-01,7213,31033584
2023-02-01,7214,31256005
2023-02-01,7215,9318043
2023-02-01,7216,31260788
2023-02-01,7217,24910412
2023-02-01,7218,7496380
2023-02-01,7224,8712110
2023-02-01,7225,83489954
2023-02-01,7226,10208784
2023-02-01,7227,23955197
2023-02-01,7228,23815712
2023-02-01,7304,44420594
2023-02-01,7305,594133
2023-02-01,7306,166417144
2023-02-01,7601,684686876
2023-02-01,7604,61845866
2023-02-01,7605,74212373
2023-02-01,7606,62916153
2023-02-01,7607,12160297
2023-02-01,940161,32450023
2023-02-01,440311,9630318
2023-02-01,440711,5862175
2023-02-01,440719,101646032
2023-02-01,440713,423851138
2023-02-01,440714,8173974
2023-03-01,0302,82125191
2023-03-01,0303,6941106
2023-03-01,0304,34161776
2023-03-01,0305,9013753
2023-03-01,2709,10637497381
2023-03-01,2711,1567985565
2023-03-01,3104,529057290
2023-03-01,7207,34158177
2023-03-01,7208,170849806
2023-03-01,7209,54887468
2023-03-01,7210,170224148
2023-03-01,7211,29954601
2023-03-01,7212,7205492
2023-03-01,7213,33127233
2023-03-01,7214,37375759
2023-03-01,7215,9876274
2023-03-01,7216,37762670
2023-03-01,7217,21178511
2023-03-01,7218,9895090
2023-03-01,7224,15207022
2023-03-01,7225,111284576
2023-03-01,7226,9859195
2023-03-01,7227,34424158
2023-03-01,7228,29014750
2023-03-01,7304,69793876
2023-03-01,7305,2700815
2023-03-01,7306,199877251
2023-03-01,7601,924434989
2023-03-01,7604,69406458
2023-03-01,7605,85968180
2023-03-01,7606,72784880
2023-03-01,7607,18019197
2023-03-01,940161,36730331
2023-03-01,440311,11839855
2023-03-01,440711,8182725
2023-03-01,440719,136393153
2023-03-01,440713,508761638
2023-03-01,440714,7183078
2023-04-01,0302,100757997
2023-04-01,0303,5101534
2023-04-01,0304,31611570
2023-04-01,0305,7451150
2023-04-01,2709,9603979875
2023-04-01,2711,1026030536
2023-04-01,3104,571063292
2023-04-01,7207,48462405
2023-04-01,7208,180158005
2023-04-01,7209,57403753
2023-04-01,7210,145270710
2023-04-01,7211,24351259
2023-04-01,7212,7187180
2023-04-01,7213,37673096
2023-04-01,7214,30946052
2023-04-01,7215,9521949
2023-04-01,7216,32404264
2023-04-01,7217,24397177
2023-04-01,7218,8741159
2023-04-01,7224,10931082
2023-04-01,7225,90026692
2023-04-01,7226,11322088
2023-04-01,7227,26162656
2023-04-01,7228,20309530
2023-04-01,7304,41780240
2023-04-01,7305,2368072
2023-04-01,7306,191497102
2023-04-01,7601,976142079
2023-04-01,7604,55046797
2023-04-01,7605,77628997
2023-04-01,7606,63796126
2023-04-01,7607,16552981
2023-04-01,940161,34036944
2023-04-01,440311,9869665
2023-04-01,440711,8134040
2023-04-01,440719,132198508
2023-04-01,440713,487005484
2023-04-01,440714,7560454
2023-05-01,0302,105260230
2023-05-01,0303,5003216
2023-05-01,0304,36041964
2023-05-01,0305,6509211
2023-05-01,2709,11382471655
2023-05-01,2711,827736537
2023-05-01,3104,353831627
2023-05-01,7207,51981360
2023-05-01,7208,199439055
2023-05-01,7209,64444039
2023-05-01,7210,158048970
2023-05-01,7211,31170147
2023-05-01,7212,7346507
2023-05-01,7213,41879724
2023-05-01,7214,29844639
2023-05-01,7215,9467435
2023-05-01,7216,23630521
2023-05-01,7217,24137120
2023-05-01,7218,11655957
2023-05-01,7224,16469965
2023-05-01,7225,97566253
2023-05-01,7226,11364836
2023-05-01,7227,39235688
2023-05-01,7228,25387344
2023-05-01,7304,41206074
2023-05-01,7305,4005015
2023-05-01,7306,215008185
2023-05-01,7601,861746686
2023-05-01,7604,71625950
2023-05-01,7605,67233599
2023-05-01,7606,74849991
2023-05-01,7607,18051435
2023-05-01,940161,32608312
2023-05-01,440311,12847026
2023-05-01,440711,8681091
2023-05-01,440719,145691931
2023-05-01,440713,503593998
2023-05-01,440714,9936662
2023-06-01,0302,113378009
2023-06-01,0303,3088096
2023-06-01,0304,31126538
2023-06-01,0305,5422484
2023-06-01,2709,9862533866
2023-06-01,2711,748343420
2023-06-01,3104,298381094
2023-06-01,7207,49877740
2023-06-01,7208,200250771
2023-06-01,7209,72763235
2023-06-01,7210,143720587
2023-06-01,7211,34349514
2023-06-01,7212,5715864
2023-06-01,7213,32010899
2023-06-01,7214,29138336
2023-06-01,7215,9405646
2023-06-01,7216,25747358
2023-06-01,7217,23017406
2023-06-01,7218,8038262
2023-06-01,7224,8674064
2023-06-01,7225,104105516
2023-06-01,7226,9694169
2023-06-01,7227,35902995
2023-06-01,7228,21157386
2023-06-01,7304,29447754
2023-06-01,7305,2205525
2023-06-01,7306,183758057
2023-06-01,7601,853507982
2023-06-01,7604,58779866
2023-06-01,7605,65514988
2023-06-01,7606,71785984
2023-06-01,7607,14512247
2023-06-01,940161,30290810
2023-06-01,440311,11486219
2023-06-01,440711,7394061
2023-06-01,440719,146462992
2023-06-01,440713,433922886
2023-06-01,440714,9791983
2023-07-01,0302,122837095
2023-07-01,0303,5651075
2023-07-01,0304,35890588
2023-07-01,0305,7281675
2023-07-01,2709,9854100673
2023-07-01,2711,974001697
2023-07-01,3104,272141655
2023-07-01,7207,27457859
2023-07-01,7208,177554365
2023-07-01,7209,59663177
2023-07-01,7210,125636188
2023-07-01,7211,24200299
2023-07-01,7212,5417217
2023-07-01,7213,29586715
2023-07-01,7214,23940782
2023-07-01,7215,7669029
2023-07-01,7216,27929904
2023-07-01,7217,18409008
2023-07-01,7218,5130031
2023-07-01,7224,9877602
2023-07-01,7225,90258462
2023-07-01,7226,10640308
2023-07-01,7227,28793686
2023-07-01,7228,23470229
2023-07-01,7304,17945858
2023-07-01,7305,570612
2023-07-01,7306,134574607
2023-07-01,7601,948047543
2023-07-01,7604,51877164
2023-07-01,7605,69512471
2023-07-01,7606,69523040
2023-07-01,7607,14027457
2023-07-01,940161,29590654
2023-07-01,440311,10693619
2023-07-01,440711,6889414
2023-07-01,440719,155605157
2023-07-01,440713,441642734
2023-07-01,440714,8610868
2023-08-01,0302,108526545
2023-08-01,0303,7996872
2023-08-01,0304,36088430
2023-08-01,0305,6134030
2023-08-01,2709,12175183529
2023-08-01,2711,959348643
2023-08-01,3104,380667186
2023-08-01,7207,32879064
2023-08-01,7208,142529631
2023-08-01,7209,62182438
2023-08-01,7210,150379204
2023-08-01,7211,31371205
2023-08-01,7212,5930061
2023-08-01,7213,28841139
2023-08-01,7214,29639933
2023-08-01,7215,8798306
2023-08-01,7216,28661522
2023-08-01,7217,24032305
2023-08-01,7218,3864058
2023-08-01,7224,10978624
2023-08-01,7225,95818084
2023-08-01,7226,9798010
2023-08-01,7227,41132785
2023-08-01,7228,19986107
2023-08-01,7304,29262770
2023-08-01,7305,243447
2023-08-01,7306,119320587
2023-08-01,7601,814439854
2023-08-01,7604,55812911
2023-08-01,7605,70517309
2023-08-01,7606,78415403
2023-08-01,7607,10171333
2023-08-01,940161,27754716
2023-08-01,440311,10735514
2023-08-01,440711,6118628
2023-08-01,440719,134838963
2023-08-01,440713,505353777
2023-08-01,440714,10483614
2023-09-01,0302,80172443
2023-09-01,0303,5730225
2023-09-01,0304,31451942
2023-09-01,0305,7131285
2023-09-01,2709,11303986406
2023-09-01,2711,941452723
2023-09-01,3104,348069559
2023-09-01,7207,31912702
2023-09-01,7208,146423478
2023-09-01,7209,56446388
2023-09-01,7210,139084341
2023-09-01,7211,26458339
2023-09-01,7212,6058901
2023-09-01,7213,28340368
2023-09-01,7214,22971340
2023-09-01,7215,8920906
2023-09-01,7216,34358725
2023-09-01,7217,21429153
2023-09-01,7218,4030921
2023-09-01,7224,10637906
2023-09-01,7225,93880891
2023-09-01,7226,10769508
2023-09-01,7227,22986740
2023-09-01,7228,21437393
2023-09-01,7304,31263474
2023-09-01,7305,26854
2023-09-01,7306,120839585
2023-09-01,7601,773413213
2023-09-01,7604,50015623
2023-09-01,7605,72810190
2023-09-01,7606,62892332
2023-09-01,7607,12819777
2023-09-01,940161,32970049
2023-09-01,440311,11036686
2023-09-01,440711,5925779
2023-09-01,440719,127247549
2023-09-01,440713,493303172
2023-09-01,440714,7174829
2023-10-01,0302,89593139
2023-10-01,0303,5612333
2023-10-01,0304,34620082
2023-10-01,0305,10009747
2023-10-01,2709,12369424189
2023-10-01,2711,1035274086
2023-10-01,3104,356274449
2023-10-01,7207,33372533
2023-10-01,7208,130866677
2023-10-01,7209,55573313
2023-10-01,7210,144036804
2023-10-01,7211,24451887
2023-10-01,7212,6242369
2023-10-01,7213,37815202
2023-10-01,7214,28014524
2023-10-01,7215,10398662
2023-10-01,7216,32776902
2023-10-01,7217,24422509
2023-10-01,7218,6263513
2023-10-01,7224,7691251
2023-10-01,7225,80813243
2023-10-01,7226,10926276
2023-10-01,7227,30963852
2023-10-01,7228,17412206
2023-10-01,7304,49436384
2023-10-01,7305,1310455
2023-10-01,7306,131210936
2023-10-01,7601,849513904
2023-10-01,7604,56922271
2023-10-01,7605,69289434
2023-10-01,7606,58785734
2023-10-01,7607,12549398
2023-10-01,940161,37941913
2023-10-01,440311,8214672
2023-10-01,440711,5881959
2023-10-01,440719,122083019
2023-10-01,440713,498957781
2023-10-01,440714,10707483
2023-11-01,0302,63659201
2023-11-01,0303,5594585
2023-11-01,0304,29211625
2023-11-01,0305,11294471
2023-11-01,2709,12978315471
2023-11-01,2711,1407079520
2023-11-01,3104,369177174
2023-11-01,7207,32418926
2023-11-01,7208,127528183
2023-11-01,7209,47806555
2023-11-01,7210,121901123
2023-11-01,7211,22438347
2023-11-01,7212,6551800
2023-11-01,7213,34506262
2023-11-01,7214,31040768
2023-11-01,7215,10373735
2023-11-01,7216,27771110
2023-11-01,7217,22087779
2023-11-01,7218,8401810
2023-11-01,7224,11721671
2023-11-01,7225,78245036
2023-11-01,7226,12072719
2023-11-01,7227,21845574
2023-11-01,7228,17070437
2023-11-01,7304,39216685
2023-11-01,7305,1637165
2023-11-01,7306,122193592
2023-11-01,7601,765640526
2023-11-01,7604,54189839
2023-11-01,7605,72226729
2023-11-01,7606,40887079
2023-11-01,7607,13091010
2023-11-01,940161,36695652
2023-11-01,440311,3903521
2023-11-01,440711,5887963
2023-11-01,440719,103311251
2023-11-01,440713,458465217
2023-11-01,440714,6848195
2023-12-01,0302,71679251
2023-12-01,0303,5009653
2023-12-01,0304,27705370
2023-12-01,0305,9028137
2023-12-01,2709,10657250817
2023-12-01,2711,1253084635
2023-12-01,3104,392280611
2023-12-01,7207,35739018
2023-12-01,7208,162468288
2023-12-01,7209,52198169
2023-12-01,7210,111259000
2023-12-01,7211,15893420
2023-12-01,7212,5266106
2023-12-01,7213,31299813
2023-12-01,7214,25694032
2023-12-01,7215,7685524
2023-12-01,7216,27487263
2023-12-01,7217,14682375
2023-12-01,7218,5550748
2023-12-01,7224,6508828
2023-12-01,7225,81987856
2023-12-01,7226,6574479
2023-12-01,7227,22356041
2023-12-01,7228,18986830
2023-12-01,7304,28261486
2023-12-01,7305,1329908
2023-12-01,7306,107659436
2023-12-01,7601,832175060
2023-12-01,7604,41827012
2023-12-01,7605,54221903
2023-12-01,7606,51576442
2023-12-01,7607,11258901
2023-12-01,940161,29506244
2023-12-01,440311,2940623
2023-12-01,440711,5309976
2023-12-01,440719,98675608
2023-12-01,440713,437799048
2023-12-01,440714,5719942
2024-01-01,0302,76639396
2024-01-01,0303,5065724
2024-01-01,0304,38359278
2024-01-01,0305,6359139
2024-01-01,2709,11356422117
2024-01-01,2711,2189749634
2024-01-01,3104,303706908
2024-01-01,7207,35581418
2024-01-01,7208,194666798
2024-01-01,7209,68837121
2024-01-01,7210,155795501
2024-01-01,7211,30636332
2024-01-01,7212,8752163
2024-01-01,7213,34618339
2024-01-01,7214,27908609
2024-01-01,7215,11124535
2024-01-01,7216,30909154
2024-01-01,7217,20339836
2024-01-01,7218,4545116
2024-01-01,7224,9720902
2024-01-01,7225,95810520
2024-01-01,7226,10550423
2024-01-01,7227,32459714
2024-01-01,7228,30070539
2024-01-01,7304,30084866
2024-01-01,7305,1688112
2024-01-01,7306,159409456
2024-01-01,7601,832867836
2024-01-01,7604,55096861
2024-01-01,7605,83140831
2024-01-01,7606,72275249
2024-01-01,7607,12840105
2024-01-01,940161,31741945
2024-01-01,440311,4233052
2024-01-01,440711,5302973
2024-01-01,440719,125191798
2024-01-01,440713,422967476
2024-01-01,440714,7674705
2024-02-01,0302,88703709
2024-02-01,0303,6540605
2024-02-01,0304,34090145
2024-02-01,0305,7413306
2024-02-01,2709,10040031760
2024-02-01,2711,1307831945
2024-02-01,3104,349699948
2024-02-01,7207,35342887
2024-02-01,7208,106375428
2024-02-01,7209,67751132
2024-02-01,7210,166449714
2024-02-01,7211,26315438
2024-02-01,7212,6621192
2024-02-01,7213,37056677
2024-02-01,7214,29176853
2024-02-01,7215,9527605
2024-02-01,7216,28925289
2024-02-01,7217,20556892
2024-02-01,7218,3994256
2024-02-01,7224,10462205
2024-02-01,7225,86243951
2024-02-01,7226,9828291
2024-02-01,7227,31223371
2024-02-01,7228,19590007
2024-02-01,7304,39223893
2024-02-01,7305,979818
2024-02-01,7306,150811586
2024-02-01,7601,956689869
2024-02-01,7604,54944686
2024-02-01,7605,56856347
2024-02-01,7606,49867276
2024-02-01,7607,13761856
2024-02-01,940161,30778495
2024-02-01,440311,3359770
2024-02-01,440711,6412474
2024-02-01,440719,116549078
2024-02-01,440713,489607145
2024-02-01,440714,6598283
2024-03-01,0302,117446428
2024-03-01,0303,6062657
2024-03-01,0304,36622596
2024-03-01,0305,8341258
2024-03-01,2709,10621380225
2024-03-01,2711,900306449
2024-03-01,3104,367960800
2024-03-01,7207,46650122
2024-03-01,7208,142474790
2024-03-01,7209,76727474
2024-03-01,7210,161717796
2024-03-01,7211,25946949
2024-03-01,7212,6743064
2024-03-01,7213,42333516
2024-03-01,7214,27672966
2024-03-01,7215,9769107
2024-03-01,7216,31685480
2024-03-01,7217,22090243
2024-03-01,7218,6878796
2024-03-01,7224,10741604
2024-03-01,7225,101522927
2024-03-01,7226,9986235
2024-03-01,7227,30670279
2024-03-01,7228,18705903
2024-03-01,7304,26592144
2024-03-01,7305,968688
2024-03-01,7306,143451179
2024-03-01,7601,789166695
2024-03-01,7604,56696130
2024-03-01,7605,73864087
2024-03-01,7606,64339567
2024-03-01,7607,17073958
2024-03-01,940161,33017674
2024-03-01,440311,3824386
2024-03-01,440711,6669791
2024-03-01,440719,130828580
2024-03-01,440713,573941391
2024-03-01,440714,9586671
2024-04-01,0302,112564186
2024-04-01,0303,5035248
2024-04-01,0304,31378324
2024-04-01,0305,7076151
2024-04-01,2709,12309047000
2024-04-01,2711,710277927
2024-04-01,3104,441809519
2024-04-01,7207,29861285
2024-04-01,7208,142252235
2024-04-01,7209,67155630
2024-04-01,7210,180452722
2024-04-01,7211,23204470
2024-04-01,7212,7781564
2024-04-01,7213,40860555
2024-04-01,7214,29849961
2024-04-01,7215,10672071
2024-04-01,7216,27967840
2024-04-01,7217,22323597
2024-04-01,7218,6062625
2024-04-01,7224,8632577
2024-04-01,7225,100418723
2024-04-01,7226,9854700
2024-04-01,7227,35333428
2024-04-01,7228,22359695
2024-04-01,7304,39301073
2024-04-01,7305,527311
2024-04-01,7306,149346949
2024-04-01,7601,896494704
2024-04-01,7604,59640381
2024-04-01,7605,60568348
2024-04-01,7606,68883143
2024-04-01,7607,16595167
2024-04-01,940161,31788217
2024-04-01,440311,3522099
2024-04-01,440711,6939561
2024-04-01,440719,134278950
2024-04-01,440713,548064302
2024-04-01,440714,10930709
2024-05-01,0302,125651884
2024-05-01,0303,4980687
2024-05-01,0304,35689000
2024-05-01,0305,5903240
2024-05-01,2709,12809713850
2024-05-01,2711,661299926
2024-05-01,3104,421697519
2024-05-01,7207,25552842
2024-05-01,7208,147120558
2024-05-01,7209,68434607
2024-05-01,7210,172301026
2024-05-01,7211,24322161
2024-05-01,7212,9299353
2024-05-01,7213,40935874
2024-05-01,7214,22201065
2024-05-01,7215,10742094
2024-05-01,7216,30134124
2024-05-01,7217,23473186
2024-05-01,7218,4362199
2024-05-01,7224,11294380
2024-05-01,7225,100276811
2024-05-01,7226,7131647
2024-05-01,7227,33761267
2024-05-01,7228,21987442
2024-05-01,7304,35279501
2024-05-01,7305,835661
2024-05-01,7306,122108435
2024-05-01,7601,793308893
2024-05-01,7604,62626152
2024-05-01,7605,77228513
2024-05-01,7606,62417958
2024-05-01,7607,16268033
2024-05-01,940161,29780691
2024-05-01,440311,4670517
2024-05-01,440711,7561539
2024-05-01,440719,145236553
2024-05-01,440713,507518931
2024-05-01,440714,9636230
2024-06-01,0302,122889239
2024-06-01,0303,4781890
2024-06-01,0304,34750210
2024-06-01,0305,6642188
2024-06-01,2709,11868800092
2024-06-01,2711,706039304
2024-06-01,3104,354914907
2024-06-01,7207,27629814
2024-06-01,7208,124909436
2024-06-01,7209,70812943
2024-06-01,7210,150149353
2024-06-01,7211,27960305
2024-06-01,7212,7042808
2024-06-01,7213,37025124
2024-06-01,7214,22595417
2024-06-01,7215,9778466
2024-06-01,7216,32353262
2024-06-01,7217,25108173
2024-06-01,7218,7258079
2024-06-01,7224,12594561
2024-06-01,7225,100604630
2024-06-01,7226,7323555
2024-06-01,7227,28928161
2024-06-01,7228,18920194
2024-06-01,7304,39718113
2024-06-01,7305,1565786
2024-06-01,7306,119443223
2024-06-01,7601,938796097
2024-06-01,7604,57541427
2024-06-01,7605,75542601
2024-06-01,7606,63015973
2024-06-01,7607,12842687
2024-06-01,940161,36529156
2024-06-01,440311,3257565
2024-06-01,440711,8080220
2024-06-01,440719,143964184
2024-06-01,440713,464544569
2024-06-01,440714,11653499
2024-07-01,0302,113905282
2024-07-01,0303,8978218
2024-07-01,0304,37859222
2024-07-01,0305,6469185
2024-07-01,2709,14276224911
2024-07-01,2711,747581408
2024-07-01,3104,378648814
2024-07-01,7207,25572715
2024-07-01,7208,138446916
2024-07-01,7209,66276350
2024-07-01,7210,133533533
2024-07-01,7211,23897957
2024-07-01,7212,6070177
2024-07-01,7213,45636156
2024-07-01,7214,19111970
2024-07-01,7215,10248672
2024-07-01,7216,27046564
2024-07-01,7217,18450547
2024-07-01,7218,4678713
2024-07-01,7224,12635219
2024-07-01,7225,99936522
2024-07-01,7226,9883297
2024-07-01,7227,26286559
2024-07-01,7228,17946529
2024-07-01,7304,30055408
2024-07-01,7305,1787613
2024-07-01,7306,101571056
2024-07-01,7601,961158058
2024-07-01,7604,55942751
2024-07-01,7605,75685580
2024-07-01,7606,66727026
2024-07-01,7607,15841070
2024-07-01,940161,31313633
2024-07-01,440311,2194382
2024-07-01,440711,7823426
2024-07-01,440719,154482694
2024-07-01,440713,415431531
2024-07-01,440714,10893500
2024-08-01,0302,78203044
2024-08-01,0303,9404061
2024-08-01,0304,34218765
2024-08-01,0305,6916909
2024-08-01,2709,11882760480
2024-08-01,2711,688768621
2024-08-01,3104,318368987
2024-08-01,7207,16002524
2024-08-01,7208,114793868
2024-08-01,7209,57496403
2024-08-01,7210,139328178
2024-08-01,7211,24654816
2024-08-01,7212,5801274
2024-08-01,7213,32136181
2024-08-01,7214,19499826
2024-08-01,7215,8111593
2024-08-01,7216,22819164
2024-08-01,7217,20051955
2024-08-01,7218,7785671
2024-08-01,7224,9108571
2024-08-01,7225,91717597
2024-08-01,7226,8726307
2024-08-01,7227,31617294
2024-08-01,7228,16000553
2024-08-01,7304,19864758
2024-08-01,7305,1125788
2024-08-01,7306,99950710
2024-08-01,7601,797292630
2024-08-01,7604,56472955
2024-08-01,7605,73612466
2024-08-01,7606,52567631
2024-08-01,7607,13747493
2024-08-01,940161,24648418
2024-08-01,440311,1366273
2024-08-01,440711,6282595
2024-08-01,440719,132261763
2024-08-01,440713,416632434
2024-08-01,440714,9855187
2024-09-01,0302,74928641
2024-09-01,0303,11130440
2024-09-01,0304,32178154
2024-09-01,0305,7338035
2024-09-01,2709,11785275848
2024-09-01,2711,670704940
2024-09-01,3104,297179394
2024-09-01,7207,4645542
2024-09-01,7208,105659618
2024-09-01,7209,52012831
2024-09-01,7210,135693228
2024-09-01,7211,22734886
2024-09-01,7212,6462831
2024-09-01,7213,41812501
2024-09-01,7214,20970918
2024-09-01,7215,9216760
2024-09-01,7216,27547418
2024-09-01,7217,24019718
2024-09-01,7218,6899829
2024-09-01,7224,4880108
2024-09-01,7225,96266837
2024-09-01,7226,7812219
2024-09-01,7227,27584709
2024-09-01,7228,19998673
2024-09-01,7304,14650407
2024-09-01,7305,909690
2024-09-01,7306,105865511
2024-09-01,7601,948245277
2024-09-01,7604,56064715
2024-09-01,7605,71091518
2024-09-01,7606,55640198
2024-09-01,7607,17308866
2024-09-01,940161,33565429
2024-09-01,440311,794899
2024-09-01,440711,4826164
2024-09-01,440719,124600068
2024-09-01,440713,447548161
2024-09-01,440714,8515894
2024-10-01,0302,61010134
2024-10-01,0303,11533606
2024-10-01,0304,35741719
2024-10-01,0305,8674495
2024-10-01,2709,11614795489
2024-10-01,2711,886126923
2024-10-01,3104,343456568
2024-10-01,7207,9443368
2024-10-01,7208,142227107
2024-10-01,7209,55201314
2024-10-01,7210,143453526
2024-10-01,7211,25778844
2024-10-01,7212,5814306
2024-10-01,7213,45245290
2024-10-01,7214,20783428
2024-10-01,7215,9096669
2024-10-01,7216,34698556
2024-10-01,7217,22408351
2024-10-01,7218,1024506
2024-10-01,7224,2194061
2024-10-01,7225,89594729
2024-10-01,7226,12492871
2024-10-01,7227,27388115
2024-10-01,7228,19149484
2024-10-01,7304,24630012
2024-10-01,7305,940780
2024-10-01,7306,109255087
2024-10-01,7601,956948516
2024-10-01,7604,62582052
2024-10-01,7605,77044031
2024-10-01,7606,64370321
2024-10-01,7607,15696062
2024-10-01,940161,34617553
2024-10-01,440311,1413898
2024-10-01,440711,5355019
2024-10-01,440719,137246312
2024-10-01,440713,493534151
2024-10-01,440714,11066166
2024-11-01,0302,70124276
2024-11-01,0303,7225816
2024-11-01,0304,36774543
2024-11-01,0305,10803687
2024-11-01,2709,10764950522
2024-11-01,2711,952930301
2024-11-01,3104,358898317
2024-11-01,7207,19219459
2024-11-01,7208,110854237
2024-11-01,7209,43192785
2024-11-01,7210,100135298
2024-11-01,7211,21057646
2024-11-01,7212,6546347
2024-11-01,7213,42688352
2024-11-01,7214,22335000
2024-11-01,7215,7522985
2024-11-01,7216,31771847
2024-11-01,7217,18939480
2024-11-01,7218,4666424
2024-11-01,7224,7878731
2024-11-01,7225,78962303
2024-11-01,7226,7408755
2024-11-01,7227,21005564
2024-11-01,7228,17084302
2024-11-01,7304,21838694
2024-11-01,7305,1256822
2024-11-01,7306,97655524
2024-11-01,7601,847961170
2024-11-01,7604,55091853
2024-11-01,7605,74623163
2024-11-01,7606,55433722
2024-11-01,7607,16406274
2024-11-01,940161,30603430
2024-11-01,440311,3111088
2024-11-01,440711,4765404
2024-11-01,440719,110562105
2024-11-01,440713,492496616
2024-11-01,440714,13200928
2024-12-01,0302,79458980
2024-12-01,0303,8741757
2024-12-01,0304,29110464
2024-12-01,0305,8598089
2024-12-01,2709,12386395584
2024-12-01,2711,1708823517
2024-12-01,3104,304892855
2024-12-01,7207,22046937
2024-12-01,7208,150587148
2024-12-01,7209,52973997
2024-12-01,7210,104711746
2024-12-01,7211,22969019
2024-12-01,7212,5667526
2024-12-01,7213,45536046
2024-12-01,7214,18101049
2024-12-01,7215,7037153
2024-12-01,7216,26550734
2024-12-01,7217,19568660
2024-12-01,7218,5490107
2024-12-01,7224,6519770
2024-12-01,7225,72093668
2024-12-01,7226,8366163
2024-12-01,7227,15884426
2024-12-01,7228,20227059
2024-12-01,7304,22764928
2024-12-01,7305,1978372
2024-12-01,7306,96319607
2024-12-01,7601,941555557
2024-12-01,7604,47257876
2024-12-01,7605,81030526
2024-12-01,7606,39213693
2024-12-01,7607,18780463
2024-12-01,940161,25757770
2024-12-01,440311,1825621
2024-12-01,440711,4901972
2024-12-01,440719,123060593
2024-12-01,440713,460978764
2024-12-01,440714,11849896
2025-01-01,0302,84588977
2025-01-01,0303,11231005
2025-01-01,0304,49765664
2025-01-01,0305,8214890
2025-01-01,2709,13040180486
2025-01-01,2711,2780947752
2025-01-01,3104,364938067
2025-01-01,7207,31558285
2025-01-01,7208,186070201
2025-01-01,7209,62973038
2025-01-01,7210,162970397
2025-01-01,7211,30078104
2025-01-01,7212,8621360
2025-01-01,7213,52478740
2025-01-01,7214,24091044
2025-01-01,7215,9875317
2025-01-01,7216,31572952
2025-01-01,7217,26045363
2025-01-01,7218,7366607
2025-01-01,7224,4682231
2025-01-01,7225,83840310
2025-01-01,7226,9774489
2025-01-01,7227,27397074
2025-01-01,7228,24311442
2025-01-01,7304,37862765
2025-01-01,7305,979575
2025-01-01,7306,114275336
2025-01-01,7601,1062728613
2025-01-01,7604,65637804
2025-01-01,7605,86106745
2025-01-01,7606,76986279
2025-01-01,7607,11260319
2025-01-01,940161,31463142
2025-01-01,440311,1782557
2025-01-01,440711,5805633
2025-01-01,440719,176703496
2025-01-01,440713,492110427
2025-01-01,440714,11062679
2025-02-01,0302,67863890
2025-02-01,0303,9593242
2025-02-01,0304,36563969
2025-02-01,0305,7085757
2025-02-01,2709,11464463936
2025-02-01,2711,2354155047
2025-02-01,3104,269163671
2025-02-01,7207,20111732
2025-02-01,7208,92831243
2025-02-01,7209,47250566
2025-02-01,7210,132154786
2025-02-01,7211,19822550
2025-02-01,7212,5498191
2025-02-01,7213,37716916
2025-02-01,7214,18443580
2025-02-01,7215,9929973
2025-02-01,7216,32442396
2025-02-01,7217,23807160
2025-02-01,7218,8955634
2025-02-01,7224,6094820
2025-02-01,7225,75158662
2025-02-01,7226,10511473
2025-02-01,7227,31604511
2025-02-01,7228,13229111
2025-02-01,7304,20436318
2025-02-01,7305,968186
2025-02-01,7306,116535063
2025-02-01,7601,936131345
2025-02-01,7604,65604559
2025-02-01,7605,74990251
2025-02-01,7606,67532976
2025-02-01,7607,14880519
2025-02-01,940161,28289340
2025-02-01,440311,1422851
2025-02-01,440711,6218444
2025-02-01,440719,135738546
2025-02-01,440713,429835770
2025-02-01,440714,10815796
2025-03-01,0302,77065475
2025-03-01,0303,8101892
2025-03-01,0304,40591681
2025-03-01,0305,9511101
2025-03-01,2709,10982802662
2025-03-01,2711,1465340092
2025-03-01,3104,373060846
2025-03-01,7207,21630164
2025-03-01,7208,69072034
2025-03-01,7209,45294397
2025-03-01,7210,155750137
2025-03-01,7211,17607216
2025-03-01,7212,4479723
2025-03-01,7213,44399959
2025-03-01,7214,15292218
2025-03-01,7215,8714128
2025-03-01,7216,29513596
2025-03-01,7217,19616938
2025-03-01,7218,13459884
2025-03-01,7224,11126210
2025-03-01,7225,79673607
2025-03-01,7226,7843971
2025-03-01,7227,34529763
2025-03-01,7228,19954913
2025-03-01,7304,28063341
2025-03-01,7305,183815
2025-03-01,7306,133843078
2025-03-01,7601,1158578136
2025-03-01,7604,69711465
2025-03-01,7605,95331421
2025-03-01,7606,62759721
2025-03-01,7607,16864750
2025-03-01,940161,32484796
2025-03-01,440311,2949444
2025-03-01,440711,7077984
2025-03-01,440719,168540963
2025-03-01,440713,626756368
2025-03-01,440714,10261299
2025-04-01,0302,89444952
2025-04-01,0303,3820121
2025-04-01,0304,29679395
2025-04-01,0305,5521993
2025-04-01,2709,10599055957
2025-04-01,2711,1095188551
2025-04-01,3104,380213793
2025-04-01,7207,28341385
2025-04-01,7208,59330467
2025-04-01,7209,47994115
2025-04-01,7210,145485781
2025-04-01,7211,15319675
2025-04-01,7212,4377757
2025-04-01,7213,36380192
2025-04-01,7214,6202013
2025-04-01,7215,6296007
2025-04-01,7216,14727158
2025-04-01,7217,14852282
2025-04-01,7218,3498
2025-04-01,7224,10244539
2025-04-01,7225,74191909
2025-04-01,7226,5320011
2025-04-01,7227,31855397
2025-04-01,7228,12666362
2025-04-01,7304,26603755
2025-04-01,7305,53670
2025-04-01,7306,101347636
2025-04-01,7601,768884530
2025-04-01,7604,47445813
2025-04-01,7605,80343147
2025-04-01,7606,68250062
2025-04-01,7607,14758654
2025-04-01,940161,24634111
2025-04-01,440311,1792660
2025-04-01,440711,5168965
2025-04-01,440719,115270339
2025-04-01,440713,523596825
2025-04-01,440714,7869068
2025-05-01,0302,95544187
2025-05-01,0303,3894327
2025-05-01,0304,26904753
2025-05-01,0305,4549205
2025-05-01,2709,10042544798
2025-05-01,2711,908109166
2025-05-01,3104,324718085
2025-05-01,7207,18880177
2025-05-01,7208,80348411
2025-05-01,7209,40008658
2025-05-01,7210,110001582
2025-05-01,7211,13779841
2025-05-01,7212,3138518
2025-05-01,7213,27812957
2025-05-01,7214,5322183
2025-05-01,7215,4527957
2025-05-01,7216,16879997
2025-05-01,7217,15133585
2025-05-01,7218,232604
2025-05-01,7224,11514371
2025-05-01,7225,64595232
2025-05-01,7226,7332420
2025-05-01,7227,21520099
2025-05-01,7228,15713291
2025-05-01,7304,24882706
2025-05-01,7305,713791
2025-05-01,7306,100056217
2025-05-01,7601,641101759
2025-05-01,7604,49658456
2025-05-01,7605,69373215
2025-05-01,7606,44451226
2025-05-01,7607,13338939
2025-05-01,940161,22569733
2025-05-01,440311,1534953
2025-05-01,440711,5502141
2025-05-01,440719,124008069
2025-05-01,440713,499387106
2025-05-01,440714,10708813
2025-06-01,0302,111161279
2025-06-01,0303,5800127
2025-06-01,0304,36048301
2025-06-01,0305,4922503
2025-06-01,2709,9298975422
2025-06-01,2711,839583947
2025-06-01,3104,302093298
2025-06-01,7207,8153522
2025-06-01,7208,60540557
2025-06-01,7209,33290260
2025-06-01,7210,110846975
2025-06-01,7211,10378607
2025-06-01,7212,2738432
2025-06-01,7213,16986748
2025-06-01,7214,4879717
2025-06-01,7215,4735329
2025-06-01,7216,16329506
2025-06-01,7217,13454892
2025-06-01,7218,850956
2025-06-01,7224,5266163
2025-06-01,7225,56514057
2025-06-01,7226,5908384
2025-06-01,7227,21045778
2025-06-01,7228,9978239
2025-06-01,7304,22094010
2025-06-01,7305,12530502
2025-06-01,7306,76853843
2025-06-01,7601,458281102
2025-06-01,7604,45036220
2025-06-01,7605,66624054
2025-06-01,7606,45496236
2025-06-01,7607,17919381
2025-06-01,940161,28381362
2025-06-01,440311,1091649
2025-06-01,440711,5688192
2025-06-01,440719,141428862
2025-06-01,440713,457779329
2025-06-01,440714,7467683
2025-07-01,0302,121723647
2025-07-01,0303,14541585
2025-07-01,0304,34694385
2025-07-01,0305,7093422
2025-07-01,2709,11005863083
2025-07-01,2711,950686219
2025-07-01,3104,349722772
2025-07-01,7207,570310
2025-07-01,7208,47802441
2025-07-01,7209,25119220
2025-07-01,7210,104963613
2025-07-01,7211,7937986
2025-07-01,7212,2713462
2025-07-01,7213,23821287
2025-07-01,7214,5334056
2025-07-01,7215,4384773
2025-07-01,7216,13560569
2025-07-01,7217,10482678
2025-07-01,7218,149547
2025-07-01,7224,4593520
2025-07-01,7225,58145178
2025-07-01,7226,6195842
2025-07-01,7227,26311128
2025-07-01,7228,17230387
2025-07-01,7304,25400495
2025-07-01,7305,347708
2025-07-01,7306,62418019
2025-07-01,7601,437382953
2025-07-01,7604,45788896
2025-07-01,7605,57611670
2025-07-01,7606,44566142
2025-07-01,7607,16882016
2025-07-01,940161,27026494
2025-07-01,440311,3037638
2025-07-01,440711,8336701
2025-07-01,440719,195239753
2025-07-01,440713,503521446
2025-07-01,440714,16544917
2025-08-01,0302,103612947
2025-08-01,0303,10769616
2025-08-01,0304,36951361
2025-08-01,0305,5031774
2025-08-01,2709,10155875593
2025-08-01,2711,821113354
2025-08-01,3104,424530232
2025-08-01,7207,2539764
2025-08-01,7208,43973125
2025-08-01,7209,22661852
2025-08-01,7210,98164160
2025-08-01,7211,10370616
2025-08-01,7212,2278030
2025-08-01,7213,17926806
2025-08-01,7214,5255864
2025-08-01,7215,4340664
2025-08-01,7216,11611753
2025-08-01,7217,12225862
2025-08-01,7218,7243
2025-08-01,7224,9509602
2025-08-01,7225,51409548
2025-08-01,7226,7783552
2025-08-01,7227,20622029
2025-08-01,7228,11840153
2025-08-01,7304,16957382
2025-08-01,7305,74013
2025-08-01,7306,59012414
2025-08-01,7601,467551783
2025-08-01,7604,46612823
2025-08-01,7605,69127766
2025-08-01,7606,52295567
2025-08-01,7607,14129969
2025-08-01,940161,23926972
2025-08-01,440311,1703425
2025-08-01,440711,4637608
2025-08-01,440719,68183668
2025-08-01,440713,351116746
2025-08-01,440714,3930525
2025-09-01,0302,106753258
2025-09-01,0303,10814227
2025-09-01,0304,33710443
2025-09-01,0305,7294363
2025-09-01,2709,10300455084
2025-09-01,2711,724599657
2025-09-01,3104,344070983
2025-09-01,7207,3681848
2025-09-01,7208,46837737
2025-09-01,7209,22860541
2025-09-01,7210,99437583
2025-09-01,7211,13735316
2025-09-01,7212,2768305
2025-09-01,7213,18704412
2025-09-01,7214,6314277
2025-09-01,7215,4677441
2025-09-01,7216,8930436
2025-09-01,7217,12572977
2025-09-01,7218,0
2025-09-01,7224,9298899
2025-09-01,7225,44546594
2025-09-01,7226,7453121
2025-09-01,7227,18482313
2025-09-01,7228,17094538
2025-09-01,7304,17001608
2025-09-01,7305,245512
2025-09-01,7306,79079036
2025-09-01,7601,555583847
2025-09-01,7604,51768520
2025-09-01,7605,77811725
2025-09-01,7606,55540168
2025-09-01,7607,17879401
2025-09-01,940161,30221447
2025-09-01,440311,2794365
2025-09-01,440711,4629618
2025-09-01,440719,69683303
2025-09-01,440713,351512345
2025-09-01,440714,5720778
2025-10-01,0302,98463633
2025-10-01,0303,14247366
2025-10-01,0304,38528967
2025-10-01,0305,9163867
2025-10-01,2709,10145794461
2025-10-01,2711,911430193
2025-10-01,3104,403980428
2025-10-01,7207,970313
2025-10-01,7208,52234139
2025-10-01,7209,26250218
2025-10-01,7210,87599106
2025-10-01,7211,12977706
2025-10-01,7212,2642728
2025-10-01,7213,15620441
2025-10-01,7214,4237061
2025-10-01,7215,4936386
2025-10-01,7216,11915989
2025-10-01,7217,12490371
2025-10-01,7218,0
2025-10-01,7224,3369580
2025-10-01,7225,48394794
2025-10-01,7226,6784880
2025-10-01,7227,18907060
2025-10-01,7228,12568130
2025-10-01,7304,15107988
2025-10-01,7305,35948
2025-10-01,7306,67563907
2025-10-01,7601,626097529
2025-10-01,7604,52129329
2025-10-01,7605,71537240
2025-10-01,7606,31088550
2025-10-01,7607,14219414
2025-10-01,940161,24005040
2025-10-01,440311,2956266
2025-10-01,440711,5657920
2025-10-01,440719,72904907
2025-10-01,440713,348603087
2025-10-01,440714,5219679
2025-11-01,0302,74457436
2025-11-01,0303,8891817
2025-11-01,0304,34807151
2025-11-01,0305,10744680
2025-11-01,2709,8783411006
2025-11-01,2711,1392515956
2025-11-01,3104,327645575
2025-11-01,7207,492571
2025-11-01,7208,27018094
2025-11-01,7209,20089403
2025-11-01,7210,93025766
2025-11-01,7211,10795153
2025-11-01,7212,2460061
2025-11-01,7213,15988694
2025-11-01,7214,4689553
2025-11-01,7215,4763331
2025-11-01,7216,9280966
2025-11-01,7217,11286073
2025-11-01,7218,1290166
2025-11-01,7224,7538021
2025-11-01,7225,36916305
2025-11-01,7226,6639785
2025-11-01,7227,18416839
2025-11-01,7228,11781186
2025-11-01,7304,16935747
2025-11-01,7305,813117
2025-11-01,7306,56134042
2025-11-01,7601,577350725
2025-11-01,7604,44607804
2025-11-01,7605,85006001
2025-11-01,7606,21969198
2025-11-01,7607,16548034
2025-11-01,940161,20186140
2025-11-01,440311,4670107
2025-11-01,440711,2716967
2025-11-01,440719,49398395
2025-11-01,440713,315227863
2025-11-01,440714,7487600
2025-12-01,0302,62767676
2025-12-01,0303,10616528
2025-12-01,0304,35003520
2025-12-01,0305,6357955
2025-12-01,2709,10958416744
2025-12-01,2711,2168112554
2025-12-01,3104,310313843
2025-12-01,7207,186639
2025-12-01,7208,27519015
2025-12-01,7209,17045894
2025-12-01,7210,75978086
2025-12-01,7211,8917733
2025-12-01,7212,1606575
2025-12-01,7213,15972738
2025-12-01,7214,4301589
2025-12-01,7215,3871272
2025-12-01,7216,8411879
2025-12-01,7217,8822250
2025-12-01,7218,153048
2025-12-01,7224,5734993
2025-12-01,7225,33826375
2025-12-01,7226,4173225
2025-12-01,7227,18683224
2025-12-01,7228,10233271
2025-12-01,7304,9893354
2025-12-01,7305,404170
2025-12-01,7306,56022490
2025-12-01,7601,706729421
2025-12-01,7604,41591014
2025-12-01,7605,78484996
2025-12-01,7606,19270334
2025-12-01,7607,18757534
2025-12-01,940161,15158281
2025-12-01,440311,2387417
2025-12-01,440711,2642833
2025-12-01,440719,59547742
2025-12-01,440713,277259021
2025-12-01,440714,6634344
2026-01-01,0302,73344636
2026-01-01,0303,6466329
2026-01-01,0304,45060131
2026-01-01,0305,7425171
2026-01-01,2709,9279447570
2026-01-01,2711,2942619038
2026-01-01,3104,339840228
2026-01-01,7207,59694
2026-01-01,7208,21097884
2026-01-01,7209,15213083
2026-01-01,7210,63013805
2026-01-01,7211,12374350
2026-01-01,7212,1558630
2026-01-01,7213,19058081
2026-01-01,7214,4398050
2026-01-01,7215,5453551
2026-01-01,7216,9845414
2026-01-01,7217,7842399
2026-01-01,7218,5641
2026-01-01,7224,3454718
2026-01-01,7225,34628016
2026-01-01,7226,6072183
2026-01-01,7227,8291604
2026-01-01,7228,10907620
2026-01-01,7304,14353900
2026-01-01,7305,127262
2026-01-01,7306,65596321
2026-01-01,7601,595090373
2026-01-01,7604,49089013
2026-01-01,7605,81976824
2026-01-01,7606,19927553
2026-01-01,7607,11452561
2026-01-01,940161,12385273
2026-01-01,440311,3656967
2026-01-01,440711,3007693
2026-01-01,440719,59231074
2026-01-01,440713,272647605
2026-01-01,440714,5862274
2026-02-01,0302,100389053
2026-02-01,0303,7149321
2026-02-01,0304,36671480
2026-02-01,0305,7799012
2026-02-01,2709,8659907785
2026-02-01,2711,1975702055
2026-02-01,3104,383932091
2026-02-01,7207,7013350
2026-02-01,7208,16469307
2026-02-01,7209,13549184
2026-02-01,7210,48758293
2026-02-01,7211,12839148
2026-02-01,7212,1775132
2026-02-01,7213,20813981
2026-02-01,7214,4948597
2026-02-01,7215,4471830
2026-02-01,7216,10363753
2026-02-01,7217,8584891
2026-02-01,7218,1726740
2026-02-01,7224,8714938
2026-02-01,7225,31255920
2026-02-01,7226,4773912
2026-02-01,7227,12395740
2026-02-01,7228,10777522
2026-02-01,7304,13825316
2026-02-01,7305,189385
2026-02-01,7306,74369155
2026-02-01,7601,769598068
2026-02-01,7604,45649417
2026-02-01,7605,76652428
2026-02-01,7606,30644942
2026-02-01,7607,11581767
2026-02-01,940161,15506129
2026-02-01,440311,5019376
2026-02-01,440711,3367734
2026-02-01,440719,70444778
2026-02-01,440713,293035344
2026-02-01,440714,6099832
2026-03-01,0302,118127970
2026-03-01,0303,4905441
2026-03-01,0304,53623063
2026-03-01,0305,8834444
2026-03-01,2709,10364562843
2026-03-01,2711,1183197231
2026-03-01,3104,407208456
2026-03-01,7207,16063069
2026-03-01,7208,17217864
2026-03-01,7209,17922104
2026-03-01,7210,71655614
2026-03-01,7211,12100531
2026-03-01,7212,1799655
2026-03-01,7213,38303684
2026-03-01,7214,5968165
2026-03-01,7215,6167234
2026-03-01,7216,14025873
2026-03-01,7217,11201454
2026-03-01,7218,4051013
2026-03-01,7224,15356189
2026-03-01,7225,29117269
2026-03-01,7226,8250019
2026-03-01,7227,13385260
2026-03-01,7228,8981283
2026-03-01,7304,7944987
2026-03-01,7305,443072
2026-03-01,7306,94585836
2026-03-01,7601,850761320
2026-03-01,7604,51958763
2026-03-01,7605,86529937
2026-03-01,7606,38389856
2026-03-01,7607,11947586
2026-03-01,940161,20089339
2026-03-01,440311,3822129
2026-03-01,440711,3290614
2026-03-01,440719,82022432
2026-03-01,440713,365604866
2026-03-01,440714,5339846
2026-04-01,0302,129620424
2026-04-01,0303,4500165
2026-04-01,0304,47488449
2026-04-01,0305,6830742
2026-04-01,2709,12727850595
2026-04-01,2711,862054686
2026-04-01,3104,504288108
2026-04-01,7207,16492985
2026-04-01,7208,19365054
2026-04-01,7209,15192055
2026-04-01,7210,63136842
2026-04-01,7211,13063550
2026-04-01,7212,1380593
2026-04-01,7213,34944640
2026-04-01,7214,5031547
2026-04-01,7215,5229630
2026-04-01,7216,14938846
2026-04-01,7217,11491407
2026-04-01,7218,6041336
2026-04-01,7224,14701210
2026-04-01,7225,27993145
2026-04-01,7226,7972915
2026-04-01,7227,13029732
2026-04-01,7228,16098405
2026-04-01,7304,6174822
2026-04-01,7305,656086
2026-04-01,7306,85832895
2026-04-01,7601,776705715
2026-04-01,7604,42275848
2026-04-01,7605,90655340
2026-04-01,7606,70788356
2026-04-01,7607,15905618
2026-04-01,940161,17416490
2026-04-01,440311,3284300
2026-04-01,440711,3537074
2026-04-01,440719,90247104
2026-04-01,440713,422477637
2026-04-01,440714,5213621
2026-05-01,0302,129211870
2026-05-01,0303,4092753
2026-05-01,0304,45939987
2026-05-01,0305,8044123
2026-05-01,2709,13363346829
2026-05-01,2711,877639230
2026-05-01,3104,352397754
2026-05-01,7207,35750373
2026-05-01,7208,18876582
2026-05-01,7209,16544898
2026-05-01,7210,66820651
2026-05-01,7211,11481757
2026-05-01,7212,1397842
2026-05-01,7213,31390860
2026-05-01,7214,4658786
2026-05-01,7215,5086979
2026-05-01,7216,17051701
2026-05-01,7217,11789242
2026-05-01,7218,2885309
2026-05-01,7224,8837363
2026-05-01,7225,29648665
2026-05-01,7226,10355952
2026-05-01,7227,13079285
2026-05-01,7228,12883037
2026-05-01,7304,4526196
2026-05-01,7305,882810
2026-05-01,7306,91360706
2026-05-01,7601,713163147
2026-05-01,7604,45700683
2026-05-01,7605,90342938
2026-05-01,7606,78222867
2026-05-01,7607,15719081
2026-05-01,940161,16888979
2026-05-01,440311,4843483
2026-05-01,440711,3301686
2026-05-01,440719,84520592
2026-05-01,440713,423125450
2026-05-01,440714,4158578
2026-06-01,0302,134792379
2026-06-01,0303,4301244
2026-06-01,0304,47015451
2026-06-01,0305,7381047
2026-06-01,2709,14397927754
2026-06-01,2711,1115961383
2026-06-01,3104,276774772
2026-06-01,7207,42182288
2026-06-01,7208,18993007
2026-06-01,7209,21087527
2026-06-01,7210,80123706
2026-06-01,7211,15122986
2026-06-01,7212,1431075
2026-06-01,7213,29935452
2026-06-01,7214,6626907
2026-06-01,7215,5238938
2026-06-01,7216,15068499
2026-06-01,7217,13381876
2026-06-01,7218,3160795
2026-06-01,7224,10989948
2026-06-01,7225,29031112
2026-06-01,7226,12409797
2026-06-01,7227,15391149
2026-06-01,7228,12647173
2026-06-01,7304,8002078
2026-06-01,7305,721124
2026-06-01,7306,97511980
2026-06-01,7601,730039403
2026-06-01,7604,42409526
2026-06-01,7605,88592780
2026-06-01,7606,89388603
2026-06-01,7607,12025566
2026-06-01,940161,17326516
2026-06-01,440311,2575910
2026-06-01,440711,4992319
2026-06-01,440719,91319494
2026-06-01,440713,466448194
2026-06-01,440714,5938463
